DATE,price
2007-12-31,4.7025
2008-01-01,4.7025
2008-01-02,4.68063
2008-01-03,4.64625
2008-01-04,4.62
2008-01-05,4.62
2008-01-06,4.62
2008-01-07,4.54313
2008-01-08,4.505
2008-01-09,4.4425
2008-01-10,4.37688
2008-01-11,4.2575
2008-01-12,4.2575
2008-01-13,4.2575
2008-01-14,4.055
2008-01-15,3.9975
2008-01-16,3.95125
2008-01-17,3.92625
2008-01-18,3.89375
2008-01-19,3.89375
2008-01-20,3.89375
2008-01-21,3.8475
2008-01-22,3.7175
2008-01-23,3.33125
2008-01-24,3.24375
2008-01-25,3.30625
2008-01-26,3.30625
2008-01-27,3.30625
2008-01-28,3.25125
2008-01-29,3.24375
2008-01-30,3.23938
2008-01-31,3.11188
2008-02-01,3.095
2008-02-02,3.095
2008-02-03,3.095
2008-02-04,3.145
2008-02-05,3.16188
2008-02-06,3.1275
2008-02-07,3.09625
2008-02-08,3.08813
2008-02-09,3.08813
2008-02-10,3.08813
2008-02-11,3.07
2008-02-12,3.0675
2008-02-13,3.065
2008-02-14,3.065
2008-02-15,3.07
2008-02-16,3.07
2008-02-17,3.07
2008-02-18,3.07
2008-02-19,3.07
2008-02-20,3.07813
2008-02-21,3.0925
2008-02-22,3.08
2008-02-23,3.08
2008-02-24,3.08
2008-02-25,3.08938
2008-02-26,3.09
2008-02-27,3.085
2008-02-28,3.07563
2008-02-29,3.0575
2008-03-01,3.0575
2008-03-02,3.0575
2008-03-03,3.01438
2008-03-04,3.00813
2008-03-05,3.0
2008-03-06,2.99
2008-03-07,2.93875
2008-03-08,2.93875
2008-03-09,2.93875
2008-03-10,2.90125
2008-03-11,2.8675
2008-03-12,2.85
2008-03-13,2.8
2008-03-14,2.76375
2008-03-15,2.76375
2008-03-16,2.76375
2008-03-17,2.57875
2008-03-18,2.54188
2008-03-19,2.59875
2008-03-20,2.60625
2008-03-21,2.60625
2008-03-22,2.60625
2008-03-23,2.60625
2008-03-24,2.60625
2008-03-25,2.655
2008-03-26,2.67125
2008-03-27,2.69625
2008-03-28,2.6975
2008-03-29,2.6975
2008-03-30,2.6975
2008-03-31,2.68813
2008-04-01,2.68375
2008-04-02,2.7
2008-04-03,2.7275
2008-04-04,2.7275
2008-04-05,2.7275
2008-04-06,2.7275
2008-04-07,2.71
2008-04-08,2.71
2008-04-09,2.71563
2008-04-10,2.71
2008-04-11,2.71313
2008-04-12,2.71313
2008-04-13,2.71313
2008-04-14,2.70875
2008-04-15,2.71594
2008-04-16,2.73375
2008-04-17,2.8175
2008-04-18,2.9075
2008-04-19,2.9075
2008-04-20,2.9075
2008-04-21,2.92
2008-04-22,2.92
2008-04-23,2.92
2008-04-24,2.90688
2008-04-25,2.9125
2008-04-26,2.9125
2008-04-27,2.9125
2008-04-28,2.89938
2008-04-29,2.87281
2008-04-30,2.85
2008-05-01,2.78438
2008-05-02,2.77
2008-05-03,2.77
2008-05-04,2.77
2008-05-05,2.77
2008-05-06,2.7575
2008-05-07,2.73438
2008-05-08,2.71563
2008-05-09,2.685
2008-05-10,2.685
2008-05-11,2.685
2008-05-12,2.67813
2008-05-13,2.67563
2008-05-14,2.72
2008-05-15,2.71875
2008-05-16,2.695
2008-05-17,2.695
2008-05-18,2.695
2008-05-19,2.6775
2008-05-20,2.6575
2008-05-21,2.63813
2008-05-22,2.63813
2008-05-23,2.64563
2008-05-24,2.64563
2008-05-25,2.64563
2008-05-26,2.64563
2008-05-27,2.64438
2008-05-28,2.64938
2008-05-29,2.68188
2008-05-30,2.68063
2008-05-31,2.68063
2008-06-01,2.68063
2008-06-02,2.67625
2008-06-03,2.67313
2008-06-04,2.67188
2008-06-05,2.67688
2008-06-06,2.69563
2008-06-07,2.69563
2008-06-08,2.69563
2008-06-09,2.69125
2008-06-10,2.78625
2008-06-11,2.78813
2008-06-12,2.77625
2008-06-13,2.81375
2008-06-14,2.81375
2008-06-15,2.81375
2008-06-16,2.8125
2008-06-17,2.80875
2008-06-18,2.8025
2008-06-19,2.80125
2008-06-20,2.80188
2008-06-21,2.80188
2008-06-22,2.80188
2008-06-23,2.80438
2008-06-24,2.80938
2008-06-25,2.80813
2008-06-26,2.80063
2008-06-27,2.79125
2008-06-28,2.79125
2008-06-29,2.79125
2008-06-30,2.78313
2008-07-01,2.7875
2008-07-02,2.79125
2008-07-03,2.79125
2008-07-04,2.78938
2008-07-05,2.78938
2008-07-06,2.78938
2008-07-07,2.79125
2008-07-08,2.79
2008-07-09,2.79188
2008-07-10,2.78813
2008-07-11,2.79063
2008-07-12,2.79063
2008-07-13,2.79063
2008-07-14,2.79063
2008-07-15,2.78938
2008-07-16,2.785
2008-07-17,2.78625
2008-07-18,2.79063
2008-07-19,2.79063
2008-07-20,2.79063
2008-07-21,2.79938
2008-07-22,2.79625
2008-07-23,2.8
2008-07-24,2.795
2008-07-25,2.79313
2008-07-26,2.79313
2008-07-27,2.79313
2008-07-28,2.79625
2008-07-29,2.79875
2008-07-30,2.80063
2008-07-31,2.79125
2008-08-01,2.79438
2008-08-02,2.79438
2008-08-03,2.79438
2008-08-04,2.79813
2008-08-05,2.80188
2008-08-06,2.8025
2008-08-07,2.8025
2008-08-08,2.80375
2008-08-09,2.80375
2008-08-10,2.80375
2008-08-11,2.80375
2008-08-12,2.80438
2008-08-13,2.80438
2008-08-14,2.80688
2008-08-15,2.80875
2008-08-16,2.80875
2008-08-17,2.80875
2008-08-18,2.81
2008-08-19,2.81125
2008-08-20,2.81188
2008-08-21,2.81063
2008-08-22,2.81
2008-08-23,2.81
2008-08-24,2.81
2008-08-25,2.81
2008-08-26,2.80938
2008-08-27,2.81
2008-08-28,2.81
2008-08-29,2.81063
2008-08-30,2.81063
2008-08-31,2.81063
2008-09-01,2.81
2008-09-02,2.81313
2008-09-03,2.81375
2008-09-04,2.815
2008-09-05,2.81438
2008-09-06,2.81438
2008-09-07,2.81438
2008-09-08,2.81688
2008-09-09,2.81813
2008-09-10,2.81875
2008-09-11,2.81875
2008-09-12,2.81875
2008-09-13,2.81875
2008-09-14,2.81875
2008-09-15,2.81625
2008-09-16,2.87625
2008-09-17,3.0625
2008-09-18,3.20375
2008-09-19,3.21
2008-09-20,3.21
2008-09-21,3.21
2008-09-22,3.1975
2008-09-23,3.21125
2008-09-24,3.47625
2008-09-25,3.76875
2008-09-26,3.76188
2008-09-27,3.76188
2008-09-28,3.76188
2008-09-29,3.8825
2008-09-30,4.0525
2008-10-01,4.15
2008-10-02,4.2075
2008-10-03,4.33375
2008-10-04,4.33375
2008-10-05,4.33375
2008-10-06,4.28875
2008-10-07,4.32
2008-10-08,4.52375
2008-10-09,4.75
2008-10-10,4.81875
2008-10-11,4.81875
2008-10-12,4.81875
2008-10-13,4.7525
2008-10-14,4.635
2008-10-15,4.55
2008-10-16,4.5025
2008-10-17,4.41875
2008-10-18,4.41875
2008-10-19,4.41875
2008-10-20,4.05875
2008-10-21,3.83375
2008-10-22,3.54125
2008-10-23,3.535
2008-10-24,3.51625
2008-10-25,3.51625
2008-10-26,3.51625
2008-10-27,3.5075
2008-10-28,3.465
2008-10-29,3.42
2008-10-30,3.1925
2008-10-31,3.02625
2008-11-01,3.02625
2008-11-02,3.02625
2008-11-03,2.85875
2008-11-04,2.70625
2008-11-05,2.50625
2008-11-06,2.3875
2008-11-07,2.29
2008-11-08,2.29
2008-11-09,2.29
2008-11-10,2.235
2008-11-11,2.175
2008-11-12,2.1325
2008-11-13,2.14875
2008-11-14,2.23625
2008-11-15,2.23625
2008-11-16,2.23625
2008-11-17,2.23875
2008-11-18,2.2175
2008-11-19,2.1725
2008-11-20,2.15313
2008-11-21,2.1575
2008-11-22,2.1575
2008-11-23,2.1575
2008-11-24,2.16875
2008-11-25,2.19625
2008-11-26,2.18125
2008-11-27,2.2025
2008-11-28,2.21688
2008-11-29,2.21688
2008-11-30,2.21688
2008-12-01,2.22
2008-12-02,2.21
2008-12-03,2.20125
2008-12-04,2.1925
2008-12-05,2.18563
2008-12-06,2.18563
2008-12-07,2.18563
2008-12-08,2.18938
2008-12-09,2.16375
2008-12-10,2.09875
2008-12-11,1.99625
2008-12-12,1.92125
2008-12-13,1.92125
2008-12-14,1.92125
2008-12-15,1.87125
2008-12-16,1.8475
2008-12-17,1.5775
2008-12-18,1.525
2008-12-19,1.4975
2008-12-20,1.4975
2008-12-21,1.4975
2008-12-22,1.46625
2008-12-23,1.46625
2008-12-24,1.4675
2008-12-25,1.4675
2008-12-26,1.4675
2008-12-27,1.4675
2008-12-28,1.4675
2008-12-29,1.45875
2008-12-30,1.435
2008-12-31,1.425
2009-01-01,1.425
2009-01-02,1.4125
2009-01-03,1.4125
2009-01-04,1.4125
2009-01-05,1.42125
2009-01-06,1.41125
2009-01-07,1.3975
2009-01-08,1.35375
2009-01-09,1.26
2009-01-10,1.26
2009-01-11,1.26
2009-01-12,1.16
2009-01-13,1.09438
2009-01-14,1.0825
2009-01-15,1.08563
2009-01-16,1.1425
2009-01-17,1.1425
2009-01-18,1.1425
2009-01-19,1.1325
2009-01-20,1.1225
2009-01-21,1.125
2009-01-22,1.15938
2009-01-23,1.16938
2009-01-24,1.16938
2009-01-25,1.16938
2009-01-26,1.18375
2009-01-27,1.18438
2009-01-28,1.17438
2009-01-29,1.17
2009-01-30,1.18438
2009-01-31,1.18438
2009-02-01,1.18438
2009-02-02,1.225
2009-02-03,1.23375
2009-02-04,1.23563
2009-02-05,1.24125
2009-02-06,1.24125
2009-02-07,1.24125
2009-02-08,1.24125
2009-02-09,1.22813
2009-02-10,1.22188
2009-02-11,1.23125
2009-02-12,1.23438
2009-02-13,1.2375
2009-02-14,1.2375
2009-02-15,1.2375
2009-02-16,1.24563
2009-02-17,1.24563
2009-02-18,1.25125
2009-02-19,1.25063
2009-02-20,1.24875
2009-02-21,1.24875
2009-02-22,1.24875
2009-02-23,1.24875
2009-02-24,1.25
2009-02-25,1.25625
2009-02-26,1.26125
2009-02-27,1.26438
2009-02-28,1.26438
2009-03-01,1.26438
2009-03-02,1.26625
2009-03-03,1.27125
2009-03-04,1.27663
2009-03-05,1.28375
2009-03-06,1.2925
2009-03-07,1.2925
2009-03-08,1.2925
2009-03-09,1.3125
2009-03-10,1.33125
2009-03-11,1.32594
2009-03-12,1.32
2009-03-13,1.31563
2009-03-14,1.31563
2009-03-15,1.31563
2009-03-16,1.30875
2009-03-17,1.29938
2009-03-18,1.2875
2009-03-19,1.22688
2009-03-20,1.22281
2009-03-21,1.22281
2009-03-22,1.22281
2009-03-23,1.22219
2009-03-24,1.22625
2009-03-25,1.2275
2009-03-26,1.23188
2009-03-27,1.22
2009-03-28,1.22
2009-03-29,1.22
2009-03-30,1.2075
2009-03-31,1.19188
2009-04-01,1.17688
2009-04-02,1.16594
2009-04-03,1.16094
2009-04-04,1.16094
2009-04-05,1.16094
2009-04-06,1.15688
2009-04-07,1.14938
2009-04-08,1.13875
2009-04-09,1.13125
2009-04-10,1.13125
2009-04-11,1.13125
2009-04-12,1.13125
2009-04-13,1.13125
2009-04-14,1.12188
2009-04-15,1.1125
2009-04-16,1.10688
2009-04-17,1.10188
2009-04-18,1.10188
2009-04-19,1.10188
2009-04-20,1.10063
2009-04-21,1.1
2009-04-22,1.09938
2009-04-23,1.09188
2009-04-24,1.0725
2009-04-25,1.0725
2009-04-26,1.0725
2009-04-27,1.05375
2009-04-28,1.03938
2009-04-29,1.0275
2009-04-30,1.01625
2009-05-01,1.00688
2009-05-02,1.00688
2009-05-03,1.00688
2009-05-04,1.00688
2009-05-05,0.98625
2009-05-06,0.97375
2009-05-07,0.95625
2009-05-08,0.9375
2009-05-09,0.9375
2009-05-10,0.9375
2009-05-11,0.92
2009-05-12,0.90563
2009-05-13,0.88313
2009-05-14,0.85438
2009-05-15,0.82563
2009-05-16,0.82563
2009-05-17,0.82563
2009-05-18,0.785
2009-05-19,0.7525
2009-05-20,0.71625
2009-05-21,0.66125
2009-05-22,0.66
2009-05-23,0.66
2009-05-24,0.66
2009-05-25,0.66
2009-05-26,0.66375
2009-05-27,0.67375
2009-05-28,0.6675
2009-05-29,0.65625
2009-05-30,0.65625
2009-05-31,0.65625
2009-06-01,0.65
2009-06-02,0.64625
2009-06-03,0.63688
2009-06-04,0.62938
2009-06-05,0.6325
2009-06-06,0.6325
2009-06-07,0.6325
2009-06-08,0.65
2009-06-09,0.6475
2009-06-10,0.63875
2009-06-11,0.62938
2009-06-12,0.62438
2009-06-13,0.62438
2009-06-14,0.62438
2009-06-15,0.61438
2009-06-16,0.61313
2009-06-17,0.61
2009-06-18,0.60875
2009-06-19,0.61188
2009-06-20,0.61188
2009-06-21,0.61188
2009-06-22,0.61
2009-06-23,0.6075
2009-06-24,0.60438
2009-06-25,0.60125
2009-06-26,0.5975
2009-06-27,0.5975
2009-06-28,0.5975
2009-06-29,0.59688
2009-06-30,0.595
2009-07-01,0.5875
2009-07-02,0.5775
2009-07-03,0.55875
2009-07-04,0.55875
2009-07-05,0.55875
2009-07-06,0.54813
2009-07-07,0.5375
2009-07-08,0.525
2009-07-09,0.51
2009-07-10,0.505
2009-07-11,0.505
2009-07-12,0.505
2009-07-13,0.50938
2009-07-14,0.51313
2009-07-15,0.51375
2009-07-16,0.51
2009-07-17,0.50375
2009-07-18,0.50375
2009-07-19,0.50375
2009-07-20,0.505
2009-07-21,0.50313
2009-07-22,0.50188
2009-07-23,0.50375
2009-07-24,0.50188
2009-07-25,0.50188
2009-07-26,0.50188
2009-07-27,0.49625
2009-07-28,0.49125
2009-07-29,0.4875
2009-07-30,0.48313
2009-07-31,0.47938
2009-08-01,0.47938
2009-08-02,0.47938
2009-08-03,0.47188
2009-08-04,0.47063
2009-08-05,0.46813
2009-08-06,0.46438
2009-08-07,0.46125
2009-08-08,0.46125
2009-08-09,0.46125
2009-08-10,0.45875
2009-08-11,0.45438
2009-08-12,0.44969
2009-08-13,0.44
2009-08-14,0.42938
2009-08-15,0.42938
2009-08-16,0.42938
2009-08-17,0.43125
2009-08-18,0.425
2009-08-19,0.41875
2009-08-20,0.40688
2009-08-21,0.39313
2009-08-22,0.39313
2009-08-23,0.39313
2009-08-24,0.38688
2009-08-25,0.38
2009-08-26,0.37188
2009-08-27,0.36063
2009-08-28,0.3475
2009-08-29,0.3475
2009-08-30,0.3475
2009-08-31,0.3475
2009-09-01,0.33438
2009-09-02,0.33
2009-09-03,0.32188
2009-09-04,0.31438
2009-09-05,0.31438
2009-09-06,0.31438
2009-09-07,0.30875
2009-09-08,0.30188
2009-09-09,0.29869
2009-09-10,0.29969
2009-09-11,0.299
2009-09-12,0.299
2009-09-13,0.299
2009-09-14,0.295
2009-09-15,0.29338
2009-09-16,0.29188
2009-09-17,0.29188
2009-09-18,0.28938
2009-09-19,0.28938
2009-09-20,0.28938
2009-09-21,0.28938
2009-09-22,0.28563
2009-09-23,0.285
2009-09-24,0.28313
2009-09-25,0.2825
2009-09-26,0.2825
2009-09-27,0.2825
2009-09-28,0.2825
2009-09-29,0.28969
2009-09-30,0.28688
2009-10-01,0.28438
2009-10-02,0.28406
2009-10-03,0.28406
2009-10-04,0.28406
2009-10-05,0.28406
2009-10-06,0.28406
2009-10-07,0.28438
2009-10-08,0.28438
2009-10-09,0.28438
2009-10-10,0.28438
2009-10-11,0.28438
2009-10-12,0.28438
2009-10-13,0.28438
2009-10-14,0.28406
2009-10-15,0.28406
2009-10-16,0.28406
2009-10-17,0.28406
2009-10-18,0.28406
2009-10-19,0.28338
2009-10-20,0.28313
2009-10-21,0.28344
2009-10-22,0.28219
2009-10-23,0.28188
2009-10-24,0.28188
2009-10-25,0.28188
2009-10-26,0.28063
2009-10-27,0.28063
2009-10-28,0.28063
2009-10-29,0.28063
2009-10-30,0.28063
2009-10-31,0.28063
2009-11-01,0.28063
2009-11-02,0.27938
2009-11-03,0.27813
2009-11-04,0.2775
2009-11-05,0.27531
2009-11-06,0.27406
2009-11-07,0.27406
2009-11-08,0.27406
2009-11-09,0.2725
2009-11-10,0.2725
2009-11-11,0.2725
2009-11-12,0.2725
2009-11-13,0.2725
2009-11-14,0.2725
2009-11-15,0.2725
2009-11-16,0.27125
2009-11-17,0.27031
2009-11-18,0.26906
2009-11-19,0.26656
2009-11-20,0.26219
2009-11-21,0.26219
2009-11-22,0.26219
2009-11-23,0.26188
2009-11-24,0.26063
2009-11-25,0.25563
2009-11-26,0.25438
2009-11-27,0.25563
2009-11-28,0.25563
2009-11-29,0.25563
2009-11-30,0.25656
2009-12-01,0.25531
2009-12-02,0.255
2009-12-03,0.25531
2009-12-04,0.25656
2009-12-05,0.25656
2009-12-06,0.25656
2009-12-07,0.25656
2009-12-08,0.25594
2009-12-09,0.25519
2009-12-10,0.25425
2009-12-11,0.25363
2009-12-12,0.25363
2009-12-13,0.25363
2009-12-14,0.25375
2009-12-15,0.25344
2009-12-16,0.25375
2009-12-17,0.25338
2009-12-18,0.25125
2009-12-19,0.25125
2009-12-20,0.25125
2009-12-21,0.24875
2009-12-22,0.24875
2009-12-23,0.25063
2009-12-24,0.25063
2009-12-25,0.25063
2009-12-26,0.25063
2009-12-27,0.25063
2009-12-28,0.25063
2009-12-29,0.25063
2009-12-30,0.25063
2009-12-31,0.25063
2010-01-01,0.25063
2010-01-02,0.25063
2010-01-03,0.25063
2010-01-04,0.25438
2010-01-05,0.2525
2010-01-06,0.25
2010-01-07,0.24938
2010-01-08,0.25125
2010-01-09,0.25125
2010-01-10,0.25125
2010-01-11,0.25125
2010-01-12,0.25125
2010-01-13,0.25125
2010-01-14,0.25125
2010-01-15,0.25125
2010-01-16,0.25125
2010-01-17,0.25125
2010-01-18,0.24875
2010-01-19,0.249
2010-01-20,0.24888
2010-01-21,0.24888
2010-01-22,0.24906
2010-01-23,0.24906
2010-01-24,0.24906
2010-01-25,0.24875
2010-01-26,0.24875
2010-01-27,0.24875
2010-01-28,0.24875
2010-01-29,0.24906
2010-01-30,0.24906
2010-01-31,0.24906
2010-02-01,0.24906
2010-02-02,0.25031
2010-02-03,0.24906
2010-02-04,0.24875
2010-02-05,0.24969
2010-02-06,0.24969
2010-02-07,0.24969
2010-02-08,0.25
2010-02-09,0.25
2010-02-10,0.25
2010-02-11,0.25
2010-02-12,0.25
2010-02-13,0.25
2010-02-14,0.25
2010-02-15,0.25
2010-02-16,0.25
2010-02-17,0.25063
2010-02-18,0.25125
2010-02-19,0.25194
2010-02-20,0.25194
2010-02-21,0.25194
2010-02-22,0.25219
2010-02-23,0.25194
2010-02-24,0.25194
2010-02-25,0.25194
2010-02-26,0.25169
2010-02-27,0.25169
2010-02-28,0.25169
2010-03-01,0.25169
2010-03-02,0.25194
2010-03-03,0.25194
2010-03-04,0.25219
2010-03-05,0.25363
2010-03-06,0.25363
2010-03-07,0.25363
2010-03-08,0.25425
2010-03-09,0.2555
2010-03-10,0.25563
2010-03-11,0.25703
2010-03-12,0.25719
2010-03-13,0.25719
2010-03-14,0.25719
2010-03-15,0.25763
2010-03-16,0.26088
2010-03-17,0.26638
2010-03-18,0.271
2010-03-19,0.2775
2010-03-20,0.2775
2010-03-21,0.2775
2010-03-22,0.28188
2010-03-23,0.28353
2010-03-24,0.28491
2010-03-25,0.28781
2010-03-26,0.28875
2010-03-27,0.28875
2010-03-28,0.28875
2010-03-29,0.29013
2010-03-30,0.29088
2010-03-31,0.2915
2010-04-01,0.2915
2010-04-02,0.2915
2010-04-03,0.2915
2010-04-04,0.2915
2010-04-05,0.2915
2010-04-06,0.29488
2010-04-07,0.29525
2010-04-08,0.294
2010-04-09,0.29781
2010-04-10,0.29781
2010-04-11,0.29781
2010-04-12,0.30041
2010-04-13,0.30281
2010-04-14,0.30375
2010-04-15,0.30438
2010-04-16,0.30531
2010-04-17,0.30531
2010-04-18,0.30531
2010-04-19,0.30531
2010-04-20,0.30719
2010-04-21,0.31281
2010-04-22,0.31578
2010-04-23,0.32063
2010-04-24,0.32063
2010-04-25,0.32063
2010-04-26,0.32375
2010-04-27,0.32781
2010-04-28,0.33781
2010-04-29,0.34438
2010-04-30,0.34656
2010-05-01,0.34656
2010-05-02,0.34656
2010-05-03,0.34656
2010-05-04,0.35313
2010-05-05,0.36016
2010-05-06,0.37359
2010-05-07,0.42813
2010-05-08,0.42813
2010-05-09,0.42813
2010-05-10,0.42125
2010-05-11,0.42281
2010-05-12,0.43019
2010-05-13,0.43588
2010-05-14,0.44506
2010-05-15,0.44506
2010-05-16,0.44506
2010-05-17,0.46
2010-05-18,0.46469
2010-05-19,0.4775
2010-05-20,0.48406
2010-05-21,0.49688
2010-05-22,0.49688
2010-05-23,0.49688
2010-05-24,0.50969
2010-05-25,0.53625
2010-05-26,0.53781
2010-05-27,0.53844
2010-05-28,0.53625
2010-05-29,0.53625
2010-05-30,0.53625
2010-05-31,0.53625
2010-06-01,0.53625
2010-06-02,0.5375
2010-06-03,0.53781
2010-06-04,0.53656
2010-06-05,0.53656
2010-06-06,0.53656
2010-06-07,0.53719
2010-06-08,0.53688
2010-06-09,0.53656
2010-06-10,0.53644
2010-06-11,0.53706
2010-06-12,0.53706
2010-06-13,0.53706
2010-06-14,0.53706
2010-06-15,0.53894
2010-06-16,0.53894
2010-06-17,0.53925
2010-06-18,0.53819
2010-06-19,0.53819
2010-06-20,0.53819
2010-06-21,0.53838
2010-06-22,0.53825
2010-06-23,0.53825
2010-06-24,0.53719
2010-06-25,0.53469
2010-06-26,0.53469
2010-06-27,0.53469
2010-06-28,0.53344
2010-06-29,0.533
2010-06-30,0.53394
2010-07-01,0.53331
2010-07-02,0.53363
2010-07-03,0.53363
2010-07-04,0.53363
2010-07-05,0.53125
2010-07-06,0.53113
2010-07-07,0.52988
2010-07-08,0.5275
2010-07-09,0.52681
2010-07-10,0.52681
2010-07-11,0.52681
2010-07-12,0.52556
2010-07-13,0.52594
2010-07-14,0.52563
2010-07-15,0.52469
2010-07-16,0.52125
2010-07-17,0.52125
2010-07-18,0.52125
2010-07-19,0.51781
2010-07-20,0.5125
2010-07-21,0.50625
2010-07-22,0.49781
2010-07-23,0.49313
2010-07-24,0.49313
2010-07-25,0.49313
2010-07-26,0.4875
2010-07-27,0.48125
2010-07-28,0.475
2010-07-29,0.46563
2010-07-30,0.45375
2010-07-31,0.45375
2010-08-01,0.45375
2010-08-02,0.44469
2010-08-03,0.43469
2010-08-04,0.42406
2010-08-05,0.41813
2010-08-06,0.41125
2010-08-07,0.41125
2010-08-08,0.41125
2010-08-09,0.40438
2010-08-10,0.39781
2010-08-11,0.38438
2010-08-12,0.37625
2010-08-13,0.36938
2010-08-14,0.36938
2010-08-15,0.36938
2010-08-16,0.36188
2010-08-17,0.35219
2010-08-18,0.34547
2010-08-19,0.33906
2010-08-20,0.32922
2010-08-21,0.32922
2010-08-22,0.32922
2010-08-23,0.3175
2010-08-24,0.3075
2010-08-25,0.30375
2010-08-26,0.29938
2010-08-27,0.29688
2010-08-28,0.29688
2010-08-29,0.29688
2010-08-30,0.29688
2010-08-31,0.29563
2010-09-01,0.29563
2010-09-02,0.29438
2010-09-03,0.29281
2010-09-04,0.29281
2010-09-05,0.29281
2010-09-06,0.29219
2010-09-07,0.29188
2010-09-08,0.2925
2010-09-09,0.2925
2010-09-10,0.29219
2010-09-11,0.29219
2010-09-12,0.29219
2010-09-13,0.29219
2010-09-14,0.29188
2010-09-15,0.29203
2010-09-16,0.29141
2010-09-17,0.29156
2010-09-18,0.29156
2010-09-19,0.29156
2010-09-20,0.29031
2010-09-21,0.28969
2010-09-22,0.28938
2010-09-23,0.28938
2010-09-24,0.28938
2010-09-25,0.28938
2010-09-26,0.28938
2010-09-27,0.28938
2010-09-28,0.28938
2010-09-29,0.29
2010-09-30,0.29
2010-10-01,0.29063
2010-10-02,0.29063
2010-10-03,0.29063
2010-10-04,0.29063
2010-10-05,0.29
2010-10-06,0.28969
2010-10-07,0.28906
2010-10-08,0.28906
2010-10-09,0.28906
2010-10-10,0.28906
2010-10-11,0.28906
2010-10-12,0.28906
2010-10-13,0.28906
2010-10-14,0.28906
2010-10-15,0.28906
2010-10-16,0.28906
2010-10-17,0.28906
2010-10-18,0.28906
2010-10-19,0.28906
2010-10-20,0.28844
2010-10-21,0.28844
2010-10-22,0.28844
2010-10-23,0.28844
2010-10-24,0.28844
2010-10-25,0.28844
2010-10-26,0.28844
2010-10-27,0.28813
2010-10-28,0.28688
2010-10-29,0.28594
2010-10-30,0.28594
2010-10-31,0.28594
2010-11-01,0.28594
2010-11-02,0.28594
2010-11-03,0.28594
2010-11-04,0.28563
2010-11-05,0.28563
2010-11-06,0.28563
2010-11-07,0.28563
2010-11-08,0.28563
2010-11-09,0.28563
2010-11-10,0.28563
2010-11-11,0.28563
2010-11-12,0.28438
2010-11-13,0.28438
2010-11-14,0.28438
2010-11-15,0.28438
2010-11-16,0.28438
2010-11-17,0.28438
2010-11-18,0.28438
2010-11-19,0.28438
2010-11-20,0.28438
2010-11-21,0.28438
2010-11-22,0.28438
2010-11-23,0.28438
2010-11-24,0.2875
2010-11-25,0.29188
2010-11-26,0.29438
2010-11-27,0.29438
2010-11-28,0.29438
2010-11-29,0.29594
2010-11-30,0.30031
2010-12-01,0.30344
2010-12-02,0.30344
2010-12-03,0.30344
2010-12-04,0.30344
2010-12-05,0.30344
2010-12-06,0.30344
2010-12-07,0.30219
2010-12-08,0.30219
2010-12-09,0.30219
2010-12-10,0.30156
2010-12-11,0.30156
2010-12-12,0.30156
2010-12-13,0.30156
2010-12-14,0.30188
2010-12-15,0.30188
2010-12-16,0.30375
2010-12-17,0.30375
2010-12-18,0.30375
2010-12-19,0.30375
2010-12-20,0.30281
2010-12-21,0.30281
2010-12-22,0.30281
2010-12-23,0.30281
2010-12-24,0.30281
2010-12-25,0.30281
2010-12-26,0.30281
2010-12-27,0.30281
2010-12-28,0.30281
2010-12-29,0.30281
2010-12-30,0.30281
2010-12-31,0.30281
2011-01-01,0.30281
2011-01-02,0.30281
2011-01-03,0.30281
2011-01-04,0.30281
2011-01-05,0.30281
2011-01-06,0.30313
2011-01-07,0.30313
2011-01-08,0.30313
2011-01-09,0.30313
2011-01-10,0.30313
2011-01-11,0.30313
2011-01-12,0.30313
2011-01-13,0.30313
2011-01-14,0.30313
2011-01-15,0.30313
2011-01-16,0.30313
2011-01-17,0.30313
2011-01-18,0.30313
2011-01-19,0.30313
2011-01-20,0.30313
2011-01-21,0.30313
2011-01-22,0.30313
2011-01-23,0.30313
2011-01-24,0.30313
2011-01-25,0.30438
2011-01-26,0.30438
2011-01-27,0.30438
2011-01-28,0.30438
2011-01-29,0.30438
2011-01-30,0.30438
2011-01-31,0.30438
2011-02-01,0.3105
2011-02-02,0.3105
2011-02-03,0.3105
2011-02-04,0.3115
2011-02-05,0.3115
2011-02-06,0.3115
2011-02-07,0.312
2011-02-08,0.312
2011-02-09,0.312
2011-02-10,0.312
2011-02-11,0.313
2011-02-12,0.313
2011-02-13,0.313
2011-02-14,0.314
2011-02-15,0.3135
2011-02-16,0.3135
2011-02-17,0.3135
2011-02-18,0.3125
2011-02-19,0.3125
2011-02-20,0.3125
2011-02-21,0.3125
2011-02-22,0.3125
2011-02-23,0.3115
2011-02-24,0.3105
2011-02-25,0.3105
2011-02-26,0.3105
2011-02-27,0.3105
2011-02-28,0.3095
2011-03-01,0.3095
2011-03-02,0.3095
2011-03-03,0.3095
2011-03-04,0.3095
2011-03-05,0.3095
2011-03-06,0.3095
2011-03-07,0.3095
2011-03-08,0.3095
2011-03-09,0.3095
2011-03-10,0.3095
2011-03-11,0.3095
2011-03-12,0.3095
2011-03-13,0.3095
2011-03-14,0.309
2011-03-15,0.309
2011-03-16,0.309
2011-03-17,0.309
2011-03-18,0.309
2011-03-19,0.309
2011-03-20,0.309
2011-03-21,0.309
2011-03-22,0.309
2011-03-23,0.308
2011-03-24,0.3085
2011-03-25,0.3075
2011-03-26,0.3075
2011-03-27,0.3075
2011-03-28,0.307
2011-03-29,0.307
2011-03-30,0.3045
2011-03-31,0.303
2011-04-01,0.301
2011-04-02,0.301
2011-04-03,0.301
2011-04-04,0.29675
2011-04-05,0.29375
2011-04-06,0.29263
2011-04-07,0.2895
2011-04-08,0.28525
2011-04-09,0.28525
2011-04-10,0.28525
2011-04-11,0.28275
2011-04-12,0.28075
2011-04-13,0.278
2011-04-14,0.2755
2011-04-15,0.27475
2011-04-16,0.27475
2011-04-17,0.27475
2011-04-18,0.274
2011-04-19,0.27375
2011-04-20,0.27375
2011-04-21,0.27375
2011-04-22,0.27375
2011-04-23,0.27375
2011-04-24,0.27375
2011-04-25,0.27375
2011-04-26,0.27275
2011-04-27,0.27325
2011-04-28,0.273
2011-04-29,0.273
2011-04-30,0.273
2011-05-01,0.273
2011-05-02,0.273
2011-05-03,0.27225
2011-05-04,0.27025
2011-05-05,0.26825
2011-05-06,0.267
2011-05-07,0.267
2011-05-08,0.267
2011-05-09,0.26575
2011-05-10,0.264
2011-05-11,0.26225
2011-05-12,0.26075
2011-05-13,0.2605
2011-05-14,0.2605
2011-05-15,0.2605
2011-05-16,0.2605
2011-05-17,0.25975
2011-05-18,0.26
2011-05-19,0.2585
2011-05-20,0.2575
2011-05-21,0.2575
2011-05-22,0.2575
2011-05-23,0.25675
2011-05-24,0.255
2011-05-25,0.2545
2011-05-26,0.254
2011-05-27,0.25388
2011-05-28,0.25388
2011-05-29,0.25388
2011-05-30,0.25388
2011-05-31,0.25288
2011-06-01,0.25288
2011-06-02,0.252
2011-06-03,0.252
2011-06-04,0.252
2011-06-05,0.252
2011-06-06,0.25175
2011-06-07,0.25175
2011-06-08,0.25025
2011-06-09,0.2495
2011-06-10,0.2485
2011-06-11,0.2485
2011-06-12,0.2485
2011-06-13,0.247
2011-06-14,0.24525
2011-06-15,0.245
2011-06-16,0.2465
2011-06-17,0.2465
2011-06-18,0.2465
2011-06-19,0.2465
2011-06-20,0.2465
2011-06-21,0.2455
2011-06-22,0.2455
2011-06-23,0.2465
2011-06-24,0.24625
2011-06-25,0.24625
2011-06-26,0.24625
2011-06-27,0.24575
2011-06-28,0.24575
2011-06-29,0.24575
2011-06-30,0.24575
2011-07-01,0.24575
2011-07-02,0.24575
2011-07-03,0.24575
2011-07-04,0.24575
2011-07-05,0.24575
2011-07-06,0.24575
2011-07-07,0.24605
2011-07-08,0.24605
2011-07-09,0.24605
2011-07-10,0.24605
2011-07-11,0.24605
2011-07-12,0.249
2011-07-13,0.24925
2011-07-14,0.24975
2011-07-15,0.24975
2011-07-16,0.24975
2011-07-17,0.24975
2011-07-18,0.25125
2011-07-19,0.252
2011-07-20,0.253
2011-07-21,0.253
2011-07-22,0.253
2011-07-23,0.253
2011-07-24,0.253
2011-07-25,0.2521
2011-07-26,0.2526
2011-07-27,0.25285
2011-07-28,0.25395
2011-07-29,0.2555
2011-07-30,0.2555
2011-07-31,0.2555
2011-08-01,0.25722
2011-08-02,0.26444
2011-08-03,0.26828
2011-08-04,0.26939
2011-08-05,0.27161
2011-08-06,0.27161
2011-08-07,0.27161
2011-08-08,0.27478
2011-08-09,0.27839
2011-08-10,0.28061
2011-08-11,0.28617
2011-08-12,0.29006
2011-08-13,0.29006
2011-08-14,0.29006
2011-08-15,0.29172
2011-08-16,0.29283
2011-08-17,0.29589
2011-08-18,0.29778
2011-08-19,0.303
2011-08-20,0.303
2011-08-21,0.303
2011-08-22,0.30844
2011-08-23,0.31178
2011-08-24,0.31428
2011-08-25,0.319
2011-08-26,0.32278
2011-08-27,0.32278
2011-08-28,0.32278
2011-08-29,0.32278
2011-08-30,0.32556
2011-08-31,0.32722
2011-09-01,0.32944
2011-09-02,0.33056
2011-09-03,0.33056
2011-09-04,0.33056
2011-09-05,0.33278
2011-09-06,0.33561
2011-09-07,0.33683
2011-09-08,0.33683
2011-09-09,0.33794
2011-09-10,0.33794
2011-09-11,0.33794
2011-09-12,0.34289
2011-09-13,0.34711
2011-09-14,0.34911
2011-09-15,0.35022
2011-09-16,0.35133
2011-09-17,0.35133
2011-09-18,0.35133
2011-09-19,0.3525
2011-09-20,0.355
2011-09-21,0.35556
2011-09-22,0.35806
2011-09-23,0.36022
2011-09-24,0.36022
2011-09-25,0.36022
2011-09-26,0.36278
2011-09-27,0.36522
2011-09-28,0.36856
2011-09-29,0.37211
2011-09-30,0.37433
2011-10-01,0.37433
2011-10-02,0.37433
2011-10-03,0.37761
2011-10-04,0.38094
2011-10-05,0.38361
2011-10-06,0.38778
2011-10-07,0.39111
2011-10-08,0.39111
2011-10-09,0.39111
2011-10-10,0.39417
2011-10-11,0.3975
2011-10-12,0.40083
2011-10-13,0.40306
2011-10-14,0.40472
2011-10-15,0.40472
2011-10-16,0.40472
2011-10-17,0.40583
2011-10-18,0.40917
2011-10-19,0.41167
2011-10-20,0.41556
2011-10-21,0.41833
2011-10-22,0.41833
2011-10-23,0.41833
2011-10-24,0.42028
2011-10-25,0.42222
2011-10-26,0.42472
2011-10-27,0.42806
2011-10-28,0.42944
2011-10-29,0.42944
2011-10-30,0.42944
2011-10-31,0.42944
2011-11-01,0.43167
2011-11-02,0.43306
2011-11-03,0.435
2011-11-04,0.4375
2011-11-05,0.4375
2011-11-06,0.4375
2011-11-07,0.44139
2011-11-08,0.44417
2011-11-09,0.44917
2011-11-10,0.45278
2011-11-11,0.45722
2011-11-12,0.45722
2011-11-13,0.45722
2011-11-14,0.46056
2011-11-15,0.46556
2011-11-16,0.47111
2011-11-17,0.47944
2011-11-18,0.48778
2011-11-19,0.48778
2011-11-20,0.48778
2011-11-21,0.495
2011-11-22,0.50028
2011-11-23,0.50611
2011-11-24,0.51167
2011-11-25,0.51806
2011-11-26,0.51806
2011-11-27,0.51806
2011-11-28,0.52306
2011-11-29,0.52694
2011-11-30,0.52889
2011-12-01,0.52722
2011-12-02,0.52833
2011-12-03,0.52833
2011-12-04,0.52833
2011-12-05,0.5339
2011-12-06,0.53775
2011-12-07,0.54
2011-12-08,0.54
2011-12-09,0.54175
2011-12-10,0.54175
2011-12-11,0.54175
2011-12-12,0.5435
2011-12-13,0.54625
2011-12-14,0.55505
2011-12-15,0.55915
2011-12-16,0.56315
2011-12-17,0.56315
2011-12-18,0.56315
2011-12-19,0.56695
2011-12-20,0.56975
2011-12-21,0.57125
2011-12-22,0.57375
2011-12-23,0.57575
2011-12-24,0.57575
2011-12-25,0.57575
2011-12-26,0.57575
2011-12-27,0.57575
2011-12-28,0.57925
2011-12-29,0.581
2011-12-30,0.581
2011-12-31,0.581
2012-01-01,0.581
2012-01-02,0.581
2012-01-03,0.5825
2012-01-04,0.5825
2012-01-05,0.5825
2012-01-06,0.5815
2012-01-07,0.5815
2012-01-08,0.5815
2012-01-09,0.5805
2012-01-10,0.5795
2012-01-11,0.5765
2012-01-12,0.5715
2012-01-13,0.567
2012-01-14,0.567
2012-01-15,0.567
2012-01-16,0.5649
2012-01-17,0.5623
2012-01-18,0.5612
2012-01-19,0.5612
2012-01-20,0.5611
2012-01-21,0.5611
2012-01-22,0.5611
2012-01-23,0.5601
2012-01-24,0.5591
2012-01-25,0.5566
2012-01-26,0.5531
2012-01-27,0.5511
2012-01-28,0.5511
2012-01-29,0.5511
2012-01-30,0.54685
2012-01-31,0.54235
2012-02-01,0.5371
2012-02-02,0.5306
2012-02-03,0.527
2012-02-04,0.527
2012-02-05,0.527
2012-02-06,0.52325
2012-02-07,0.52
2012-02-08,0.51325
2012-02-09,0.51
2012-02-10,0.506
2012-02-11,0.506
2012-02-12,0.506
2012-02-13,0.5026
2012-02-14,0.4976
2012-02-15,0.4951
2012-02-16,0.4931
2012-02-17,0.4931
2012-02-18,0.4931
2012-02-19,0.4931
2012-02-20,0.4931
2012-02-21,0.4926
2012-02-22,0.4916
2012-02-23,0.4906
2012-02-24,0.4906
2012-02-25,0.4906
2012-02-26,0.4906
2012-02-27,0.4891
2012-02-28,0.4875
2012-02-29,0.48425
2012-03-01,0.4797
2012-03-02,0.47575
2012-03-03,0.47575
2012-03-04,0.47575
2012-03-05,0.47455
2012-03-06,0.47455
2012-03-07,0.47455
2012-03-08,0.47355
2012-03-09,0.47355
2012-03-10,0.47355
2012-03-11,0.47355
2012-03-12,0.47355
2012-03-13,0.47365
2012-03-14,0.47365
2012-03-15,0.47365
2012-03-16,0.47365
2012-03-17,0.47365
2012-03-18,0.47365
2012-03-19,0.47365
2012-03-20,0.47415
2012-03-21,0.47415
2012-03-22,0.47365
2012-03-23,0.47315
2012-03-24,0.47315
2012-03-25,0.47315
2012-03-26,0.47265
2012-03-27,0.47065
2012-03-28,0.46965
2012-03-29,0.46815
2012-03-30,0.46815
2012-03-31,0.46815
2012-04-01,0.46815
2012-04-02,0.46815
2012-04-03,0.46915
2012-04-04,0.46915
2012-04-05,0.46915
2012-04-06,0.46915
2012-04-07,0.46915
2012-04-08,0.46915
2012-04-09,0.46915
2012-04-10,0.46915
2012-04-11,0.46865
2012-04-12,0.46665
2012-04-13,0.46615
2012-04-14,0.46615
2012-04-15,0.46615
2012-04-16,0.46565
2012-04-17,0.46565
2012-04-18,0.46565
2012-04-19,0.46565
2012-04-20,0.46565
2012-04-21,0.46565
2012-04-22,0.46565
2012-04-23,0.46565
2012-04-24,0.46585
2012-04-25,0.46585
2012-04-26,0.46585
2012-04-27,0.46585
2012-04-28,0.46585
2012-04-29,0.46585
2012-04-30,0.46585
2012-05-01,0.46585
2012-05-02,0.46585
2012-05-03,0.46585
2012-05-04,0.46585
2012-05-05,0.46585
2012-05-06,0.46585
2012-05-07,0.46585
2012-05-08,0.46585
2012-05-09,0.46685
2012-05-10,0.46685
2012-05-11,0.46685
2012-05-12,0.46685
2012-05-13,0.46685
2012-05-14,0.46585
2012-05-15,0.46585
2012-05-16,0.46685
2012-05-17,0.46685
2012-05-18,0.46685
2012-05-19,0.46685
2012-05-20,0.46685
2012-05-21,0.46685
2012-05-22,0.46685
2012-05-23,0.46685
2012-05-24,0.46685
2012-05-25,0.46685
2012-05-26,0.46685
2012-05-27,0.46685
2012-05-28,0.46685
2012-05-29,0.46685
2012-05-30,0.46685
2012-05-31,0.46685
2012-06-01,0.46785
2012-06-02,0.46785
2012-06-03,0.46785
2012-06-04,0.46785
2012-06-05,0.46785
2012-06-06,0.46785
2012-06-07,0.46785
2012-06-08,0.46785
2012-06-09,0.46785
2012-06-10,0.46785
2012-06-11,0.46785
2012-06-12,0.46785
2012-06-13,0.46785
2012-06-14,0.46785
2012-06-15,0.46785
2012-06-16,0.46785
2012-06-17,0.46785
2012-06-18,0.46785
2012-06-19,0.46785
2012-06-20,0.4676
2012-06-21,0.4676
2012-06-22,0.4616
2012-06-23,0.4616
2012-06-24,0.4616
2012-06-25,0.4606
2012-06-26,0.4606
2012-06-27,0.4606
2012-06-28,0.4606
2012-06-29,0.4606
2012-06-30,0.4606
2012-07-01,0.4606
2012-07-02,0.4606
2012-07-03,0.4606
2012-07-04,0.4596
2012-07-05,0.4596
2012-07-06,0.4576
2012-07-07,0.4576
2012-07-08,0.4576
2012-07-09,0.4576
2012-07-10,0.4576
2012-07-11,0.4561
2012-07-12,0.4551
2012-07-13,0.4551
2012-07-14,0.4551
2012-07-15,0.4551
2012-07-16,0.4551
2012-07-17,0.4551
2012-07-18,0.4551
2012-07-19,0.4531
2012-07-20,0.4521
2012-07-21,0.4521
2012-07-22,0.4521
2012-07-23,0.4511
2012-07-24,0.4481
2012-07-25,0.4481
2012-07-26,0.4471
2012-07-27,0.4466
2012-07-28,0.4466
2012-07-29,0.4466
2012-07-30,0.4446
2012-07-31,0.4426
2012-08-01,0.4416
2012-08-02,0.44185
2012-08-03,0.43935
2012-08-04,0.43935
2012-08-05,0.43935
2012-08-06,0.43885
2012-08-07,0.43785
2012-08-08,0.43675
2012-08-09,0.4375
2012-08-10,0.437
2012-08-11,0.437
2012-08-12,0.437
2012-08-13,0.4345
2012-08-14,0.4365
2012-08-15,0.4345
2012-08-16,0.4335
2012-08-17,0.4345
2012-08-18,0.4345
2012-08-19,0.4345
2012-08-20,0.4335
2012-08-21,0.4335
2012-08-22,0.43075
2012-08-23,0.42685
2012-08-24,0.42485
2012-08-25,0.42485
2012-08-26,0.42485
2012-08-27,0.42485
2012-08-28,0.42275
2012-08-29,0.42175
2012-08-30,0.42075
2012-08-31,0.41825
2012-09-01,0.41825
2012-09-02,0.41825
2012-09-03,0.41435
2012-09-04,0.41185
2012-09-05,0.40985
2012-09-06,0.40835
2012-09-07,0.40775
2012-09-08,0.40775
2012-09-09,0.40775
2012-09-10,0.40425
2012-09-11,0.39875
2012-09-12,0.39425
2012-09-13,0.38875
2012-09-14,0.38525
2012-09-15,0.38525
2012-09-16,0.38525
2012-09-17,0.38075
2012-09-18,0.37875
2012-09-19,0.37575
2012-09-20,0.373
2012-09-21,0.36925
2012-09-22,0.36925
2012-09-23,0.36925
2012-09-24,0.36725
2012-09-25,0.3635
2012-09-26,0.36225
2012-09-27,0.36025
2012-09-28,0.3585
2012-09-29,0.3585
2012-09-30,0.3585
2012-10-01,0.35525
2012-10-02,0.354
2012-10-03,0.3525
2012-10-04,0.35225
2012-10-05,0.35125
2012-10-06,0.35125
2012-10-07,0.35125
2012-10-08,0.35025
2012-10-09,0.34675
2012-10-10,0.34275
2012-10-11,0.34025
2012-10-12,0.33425
2012-10-13,0.33425
2012-10-14,0.33425
2012-10-15,0.33025
2012-10-16,0.32475
2012-10-17,0.32075
2012-10-18,0.31875
2012-10-19,0.31725
2012-10-20,0.31725
2012-10-21,0.31725
2012-10-22,0.31575
2012-10-23,0.31525
2012-10-24,0.31425
2012-10-25,0.31325
2012-10-26,0.31325
2012-10-27,0.31325
2012-10-28,0.31325
2012-10-29,0.31275
2012-10-30,0.31275
2012-10-31,0.31275
2012-11-01,0.31275
2012-11-02,0.31275
2012-11-03,0.31275
2012-11-04,0.31275
2012-11-05,0.31175
2012-11-06,0.31175
2012-11-07,0.31
2012-11-08,0.31
2012-11-09,0.31
2012-11-10,0.31
2012-11-11,0.31
2012-11-12,0.31
2012-11-13,0.31
2012-11-14,0.31
2012-11-15,0.311
2012-11-16,0.3115
2012-11-17,0.3115
2012-11-18,0.3115
2012-11-19,0.3115
2012-11-20,0.3105
2012-11-21,0.3115
2012-11-22,0.3115
2012-11-23,0.3115
2012-11-24,0.3115
2012-11-25,0.3115
2012-11-26,0.3115
2012-11-27,0.3115
2012-11-28,0.3105
2012-11-29,0.3105
2012-11-30,0.3105
2012-12-01,0.3105
2012-12-02,0.3105
2012-12-03,0.3105
2012-12-04,0.3105
2012-12-05,0.3105
2012-12-06,0.3105
2012-12-07,0.3095
2012-12-08,0.3095
2012-12-09,0.3095
2012-12-10,0.3105
2012-12-11,0.3095
2012-12-12,0.3095
2012-12-13,0.308
2012-12-14,0.308
2012-12-15,0.308
2012-12-16,0.308
2012-12-17,0.309
2012-12-18,0.309
2012-12-19,0.31
2012-12-20,0.31
2012-12-21,0.31
2012-12-22,0.31
2012-12-23,0.31
2012-12-24,0.31
2012-12-25,0.31
2012-12-26,0.31
2012-12-27,0.311
2012-12-28,0.308
2012-12-29,0.308
2012-12-30,0.308
2012-12-31,0.306
2013-01-01,0.306
2013-01-02,0.305
2013-01-03,0.305
2013-01-04,0.305
2013-01-05,0.305
2013-01-06,0.305
2013-01-07,0.305
2013-01-08,0.305
2013-01-09,0.305
2013-01-10,0.305
2013-01-11,0.304
2013-01-12,0.304
2013-01-13,0.304
2013-01-14,0.304
2013-01-15,0.303
2013-01-16,0.303
2013-01-17,0.302
2013-01-18,0.302
2013-01-19,0.302
2013-01-20,0.302
2013-01-21,0.302
2013-01-22,0.302
2013-01-23,0.301
2013-01-24,0.3005
2013-01-25,0.3005
2013-01-26,0.3005
2013-01-27,0.3005
2013-01-28,0.3015
2013-01-29,0.3005
2013-01-30,0.2985
2013-01-31,0.298
2013-02-01,0.2955
2013-02-02,0.2955
2013-02-03,0.2955
2013-02-04,0.2955
2013-02-05,0.2955
2013-02-06,0.293
2013-02-07,0.292
2013-02-08,0.292
2013-02-09,0.292
2013-02-10,0.292
2013-02-11,0.2931
2013-02-12,0.2921
2013-02-13,0.2901
2013-02-14,0.2901
2013-02-15,0.2901
2013-02-16,0.2901
2013-02-17,0.2901
2013-02-18,0.2891
2013-02-19,0.2891
2013-02-20,0.2891
2013-02-21,0.2881
2013-02-22,0.2881
2013-02-23,0.2881
2013-02-24,0.2881
2013-02-25,0.2866
2013-02-26,0.2866
2013-02-27,0.2871
2013-02-28,0.2871
2013-03-01,0.2841
2013-03-02,0.2841
2013-03-03,0.2841
2013-03-04,0.2831
2013-03-05,0.2811
2013-03-06,0.2796
2013-03-07,0.2806
2013-03-08,0.2801
2013-03-09,0.2801
2013-03-10,0.2801
2013-03-11,0.2801
2013-03-12,0.2811
2013-03-13,0.2801
2013-03-14,0.2801
2013-03-15,0.2801
2013-03-16,0.2801
2013-03-17,0.2801
2013-03-18,0.2801
2013-03-19,0.2821
2013-03-20,0.2841
2013-03-21,0.2841
2013-03-22,0.2846
2013-03-23,0.2846
2013-03-24,0.2846
2013-03-25,0.2831
2013-03-26,0.2836
2013-03-27,0.2836
2013-03-28,0.2826
2013-03-29,0.2826
2013-03-30,0.2826
2013-03-31,0.2826
2013-04-01,0.2826
2013-04-02,0.2821
2013-04-03,0.2811
2013-04-04,0.2804
2013-04-05,0.2794
2013-04-06,0.2794
2013-04-07,0.2794
2013-04-08,0.2794
2013-04-09,0.2781
2013-04-10,0.2771
2013-04-11,0.2771
2013-04-12,0.2776
2013-04-13,0.2776
2013-04-14,0.2776
2013-04-15,0.2776
2013-04-16,0.2771
2013-04-17,0.2761
2013-04-18,0.2761
2013-04-19,0.2761
2013-04-20,0.2761
2013-04-21,0.2761
2013-04-22,0.2751
2013-04-23,0.2756
2013-04-24,0.2756
2013-04-25,0.2756
2013-04-26,0.2756
2013-04-27,0.2756
2013-04-28,0.2756
2013-04-29,0.2741
2013-04-30,0.2731
2013-05-01,0.2731
2013-05-02,0.2731
2013-05-03,0.2751
2013-05-04,0.2751
2013-05-05,0.2751
2013-05-06,0.2751
2013-05-07,0.2751
2013-05-08,0.2751
2013-05-09,0.2751
2013-05-10,0.2751
2013-05-11,0.2751
2013-05-12,0.2751
2013-05-13,0.2751
2013-05-14,0.2741
2013-05-15,0.2741
2013-05-16,0.2741
2013-05-17,0.2736
2013-05-18,0.2736
2013-05-19,0.2736
2013-05-20,0.2731
2013-05-21,0.2741
2013-05-22,0.27375
2013-05-23,0.27275
2013-05-24,0.27275
2013-05-25,0.27275
2013-05-26,0.27275
2013-05-27,0.27275
2013-05-28,0.27275
2013-05-29,0.27575
2013-05-30,0.27465
2013-05-31,0.27525
2013-06-01,0.27525
2013-06-02,0.27525
2013-06-03,0.27325
2013-06-04,0.27395
2013-06-05,0.27445
2013-06-06,0.27425
2013-06-07,0.27515
2013-06-08,0.27515
2013-06-09,0.27515
2013-06-10,0.27415
2013-06-11,0.27225
2013-06-12,0.27325
2013-06-13,0.27325
2013-06-14,0.27275
2013-06-15,0.27275
2013-06-16,0.27275
2013-06-17,0.27325
2013-06-18,0.27225
2013-06-19,0.27175
2013-06-20,0.27255
2013-06-21,0.27275
2013-06-22,0.27275
2013-06-23,0.27275
2013-06-24,0.27675
2013-06-25,0.2761
2013-06-26,0.2756
2013-06-27,0.274
2013-06-28,0.2731
2013-06-29,0.2731
2013-06-30,0.2731
2013-07-01,0.2731
2013-07-02,0.2729
2013-07-03,0.2739
2013-07-04,0.2709
2013-07-05,0.2699
2013-07-06,0.2699
2013-07-07,0.2699
2013-07-08,0.2686
2013-07-09,0.2691
2013-07-10,0.2691
2013-07-11,0.2681
2013-07-12,0.2676
2013-07-13,0.2676
2013-07-14,0.2676
2013-07-15,0.2676
2013-07-16,0.2662
2013-07-17,0.2662
2013-07-18,0.2662
2013-07-19,0.2647
2013-07-20,0.2647
2013-07-21,0.2647
2013-07-22,0.2647
2013-07-23,0.2659
2013-07-24,0.2643
2013-07-25,0.2638
2013-07-26,0.265
2013-07-27,0.265
2013-07-28,0.265
2013-07-29,0.266
2013-07-30,0.265
2013-07-31,0.2656
2013-08-01,0.2656
2013-08-02,0.2666
2013-08-03,0.2666
2013-08-04,0.2666
2013-08-05,0.2654
2013-08-06,0.2664
2013-08-07,0.2664
2013-08-08,0.2647
2013-08-09,0.2647
2013-08-10,0.2647
2013-08-11,0.2647
2013-08-12,0.2647
2013-08-13,0.2642
2013-08-14,0.2632
2013-08-15,0.2632
2013-08-16,0.2641
2013-08-17,0.2641
2013-08-18,0.2641
2013-08-19,0.2631
2013-08-20,0.2621
2013-08-21,0.2621
2013-08-22,0.2621
2013-08-23,0.2621
2013-08-24,0.2621
2013-08-25,0.2621
2013-08-26,0.2621
2013-08-27,0.2594
2013-08-28,0.2605
2013-08-29,0.2612
2013-08-30,0.2595
2013-08-31,0.2595
2013-09-01,0.2595
2013-09-02,0.2595
2013-09-03,0.2595
2013-09-04,0.259
2013-09-05,0.2581
2013-09-06,0.2564
2013-09-07,0.2564
2013-09-08,0.2564
2013-09-09,0.2559
2013-09-10,0.2559
2013-09-11,0.2544
2013-09-12,0.2544
2013-09-13,0.2539
2013-09-14,0.2539
2013-09-15,0.2539
2013-09-16,0.25185
2013-09-17,0.25195
2013-09-18,0.25245
2013-09-19,0.2502
2013-09-20,0.2496
2013-09-21,0.2496
2013-09-22,0.2496
2013-09-23,0.2506
2013-09-24,0.2502
2013-09-25,0.2476
2013-09-26,0.2481
2013-09-27,0.24835
2013-09-28,0.24835
2013-09-29,0.24835
2013-09-30,0.24885
2013-10-01,0.24585
2013-10-02,0.24435
2013-10-03,0.24285
2013-10-04,0.24285
2013-10-05,0.24285
2013-10-06,0.24285
2013-10-07,0.24335
2013-10-08,0.2436
2013-10-09,0.2456
2013-10-10,0.2431
2013-10-11,0.2436
2013-10-12,0.2436
2013-10-13,0.2436
2013-10-14,0.2458
2013-10-15,0.24355
2013-10-16,0.24605
2013-10-17,0.24205
2013-10-18,0.24055
2013-10-19,0.24055
2013-10-20,0.24055
2013-10-21,0.2386
2013-10-22,0.23835
2013-10-23,0.23835
2013-10-24,0.2381
2013-10-25,0.23685
2013-10-26,0.23685
2013-10-27,0.23685
2013-10-28,0.23585
2013-10-29,0.23745
2013-10-30,0.2419
2013-10-31,0.242
2013-11-01,0.23775
2013-11-02,0.23775
2013-11-03,0.23775
2013-11-04,0.2381
2013-11-05,0.2377
2013-11-06,0.23865
2013-11-07,0.2389
2013-11-08,0.2394
2013-11-09,0.2394
2013-11-10,0.2394
2013-11-11,0.23925
2013-11-12,0.23925
2013-11-13,0.2406
2013-11-14,0.23845
2013-11-15,0.2381
2013-11-16,0.2381
2013-11-17,0.2381
2013-11-18,0.23735
2013-11-19,0.2391
2013-11-20,0.2381
2013-11-21,0.2376
2013-11-22,0.2366
2013-11-23,0.2366
2013-11-24,0.2366
2013-11-25,0.23585
2013-11-26,0.2366
2013-11-27,0.2376
2013-11-28,0.2391
2013-11-29,0.2391
2013-11-30,0.2391
2013-12-01,0.2391
2013-12-02,0.23885
2013-12-03,0.2413
2013-12-04,0.24185
2013-12-05,0.2416
2013-12-06,0.24085
2013-12-07,0.24085
2013-12-08,0.24085
2013-12-09,0.2426
2013-12-10,0.24185
2013-12-11,0.24385
2013-12-12,0.24285
2013-12-13,0.24385
2013-12-14,0.24385
2013-12-15,0.24385
2013-12-16,0.24285
2013-12-17,0.24435
2013-12-18,0.2451
2013-12-19,0.24585
2013-12-20,0.24835
2013-12-21,0.24835
2013-12-22,0.24835
2013-12-23,0.24585
2013-12-24,0.24685
2013-12-25,0.24685
2013-12-26,0.24685
2013-12-27,0.2466
2013-12-28,0.2466
2013-12-29,0.2466
2013-12-30,0.2466
2013-12-31,0.2461
2014-01-01,0.2461
2014-01-02,0.24285
2014-01-03,0.23985
2014-01-04,0.23985
2014-01-05,0.23985
2014-01-06,0.23935
2014-01-07,0.2421
2014-01-08,0.2404
2014-01-09,0.24165
2014-01-10,0.24165
2014-01-11,0.24165
2014-01-12,0.24165
2014-01-13,0.2389
2014-01-14,0.23675
2014-01-15,0.23785
2014-01-16,0.23635
2014-01-17,0.2366
2014-01-18,0.2366
2014-01-19,0.2366
2014-01-20,0.2371
2014-01-21,0.2366
2014-01-22,0.2371
2014-01-23,0.2386
2014-01-24,0.23535
2014-01-25,0.23535
2014-01-26,0.23535
2014-01-27,0.2361
2014-01-28,0.2361
2014-01-29,0.2356
2014-01-30,0.2376
2014-01-31,0.2366
2014-02-01,0.2366
2014-02-02,0.2366
2014-02-03,0.2356
2014-02-04,0.23645
2014-02-05,0.23635
2014-02-06,0.23685
2014-02-07,0.23385
2014-02-08,0.23385
2014-02-09,0.23385
2014-02-10,0.23385
2014-02-11,0.2366
2014-02-12,0.2361
2014-02-13,0.23585
2014-02-14,0.23585
2014-02-15,0.23585
2014-02-16,0.23585
2014-02-17,0.2351
2014-02-18,0.23455
2014-02-19,0.2336
2014-02-20,0.2356
2014-02-21,0.23485
2014-02-22,0.23485
2014-02-23,0.23485
2014-02-24,0.23435
2014-02-25,0.2336
2014-02-26,0.2333
2014-02-27,0.2361
2014-02-28,0.23565
2014-03-01,0.23565
2014-03-02,0.23565
2014-03-03,0.23565
2014-03-04,0.23535
2014-03-05,0.2344
2014-03-06,0.2351
2014-03-07,0.23565
2014-03-08,0.23565
2014-03-09,0.23565
2014-03-10,0.23435
2014-03-11,0.2333
2014-03-12,0.2341
2014-03-13,0.23335
2014-03-14,0.23485
2014-03-15,0.23485
2014-03-16,0.23485
2014-03-17,0.23445
2014-03-18,0.23485
2014-03-19,0.23385
2014-03-20,0.2336
2014-03-21,0.23285
2014-03-22,0.23285
2014-03-23,0.23285
2014-03-24,0.2351
2014-03-25,0.23435
2014-03-26,0.23335
2014-03-27,0.2336
2014-03-28,0.23335
2014-03-29,0.23335
2014-03-30,0.23335
2014-03-31,0.2306
2014-04-01,0.2281
2014-04-02,0.2301
2014-04-03,0.23035
2014-04-04,0.2296
2014-04-05,0.2296
2014-04-06,0.2296
2014-04-07,0.22935
2014-04-08,0.2273
2014-04-09,0.22755
2014-04-10,0.22705
2014-04-11,0.22645
2014-04-12,0.22645
2014-04-13,0.22645
2014-04-14,0.22865
2014-04-15,0.22635
2014-04-16,0.22785
2014-04-17,0.22585
2014-04-18,0.22585
2014-04-19,0.22585
2014-04-20,0.22585
2014-04-21,0.22585
2014-04-22,0.2286
2014-04-23,0.22875
2014-04-24,0.22785
2014-04-25,0.2266
2014-04-26,0.2266
2014-04-27,0.2266
2014-04-28,0.22485
2014-04-29,0.22535
2014-04-30,0.22335
2014-05-01,0.22285
2014-05-02,0.22285
2014-05-03,0.22285
2014-05-04,0.22285
2014-05-05,0.22285
2014-05-06,0.22485
2014-05-07,0.22395
2014-05-08,0.22335
2014-05-09,0.2241
2014-05-10,0.2241
2014-05-11,0.2241
2014-05-12,0.2251
2014-05-13,0.22385
2014-05-14,0.22535
2014-05-15,0.22585
2014-05-16,0.2286
2014-05-17,0.2286
2014-05-18,0.2286
2014-05-19,0.22695
2014-05-20,0.2281
2014-05-21,0.22735
2014-05-22,0.22715
2014-05-23,0.22935
2014-05-24,0.22935
2014-05-25,0.22935
2014-05-26,0.22935
2014-05-27,0.22985
2014-05-28,0.2276
2014-05-29,0.22735
2014-05-30,0.2274
2014-05-31,0.2274
2014-06-01,0.2274
2014-06-02,0.22715
2014-06-03,0.2274
2014-06-04,0.2295
2014-06-05,0.2306
2014-06-06,0.2296
2014-06-07,0.2296
2014-06-08,0.2296
2014-06-09,0.23055
2014-06-10,0.2303
2014-06-11,0.2298
2014-06-12,0.2306
2014-06-13,0.2321
2014-06-14,0.2321
2014-06-15,0.2321
2014-06-16,0.2306
2014-06-17,0.231
2014-06-18,0.231
2014-06-19,0.2296
2014-06-20,0.2306
2014-06-21,0.2306
2014-06-22,0.2306
2014-06-23,0.2326
2014-06-24,0.2336
2014-06-25,0.23385
2014-06-26,0.2341
2014-06-27,0.2346
2014-06-28,0.2346
2014-06-29,0.2346
2014-06-30,0.2307
2014-07-01,0.2318
2014-07-02,0.2346
2014-07-03,0.2321
2014-07-04,0.2331
2014-07-05,0.2331
2014-07-06,0.2331
2014-07-07,0.2341
2014-07-08,0.2336
2014-07-09,0.2341
2014-07-10,0.2336
2014-07-11,0.2336
2014-07-12,0.2336
2014-07-13,0.2336
2014-07-14,0.2326
2014-07-15,0.2331
2014-07-16,0.2336
2014-07-17,0.2336
2014-07-18,0.2316
2014-07-19,0.2316
2014-07-20,0.2316
2014-07-21,0.2331
2014-07-22,0.2326
2014-07-23,0.2341
2014-07-24,0.2351
2014-07-25,0.2341
2014-07-26,0.2341
2014-07-27,0.2341
2014-07-28,0.2361
2014-07-29,0.2371
2014-07-30,0.2396
2014-07-31,0.2391
2014-08-01,0.2381
2014-08-02,0.2381
2014-08-03,0.2381
2014-08-04,0.2371
2014-08-05,0.2371
2014-08-06,0.2342
2014-08-07,0.2331
2014-08-08,0.2351
2014-08-09,0.2351
2014-08-10,0.2351
2014-08-11,0.2338
2014-08-12,0.2331
2014-08-13,0.2336
2014-08-14,0.2311
2014-08-15,0.2321
2014-08-16,0.2321
2014-08-17,0.2321
2014-08-18,0.2321
2014-08-19,0.2344
2014-08-20,0.2349
2014-08-21,0.2349
2014-08-22,0.2384
2014-08-23,0.2384
2014-08-24,0.2384
2014-08-25,0.2384
2014-08-26,0.2381
2014-08-27,0.2346
2014-08-28,0.2336
2014-08-29,0.2336
2014-08-30,0.2336
2014-08-31,0.2336
2014-09-01,0.2336
2014-09-02,0.2331
2014-09-03,0.2341
2014-09-04,0.2331
2014-09-05,0.2323
2014-09-06,0.2323
2014-09-07,0.2323
2014-09-08,0.2336
2014-09-09,0.2346
2014-09-10,0.2346
2014-09-11,0.2341
2014-09-12,0.2346
2014-09-13,0.2346
2014-09-14,0.2346
2014-09-15,0.2346
2014-09-16,0.2344
2014-09-17,0.2341
2014-09-18,0.2331
2014-09-19,0.2331
2014-09-20,0.2331
2014-09-21,0.2331
2014-09-22,0.2356
2014-09-23,0.2341
2014-09-24,0.2351
2014-09-25,0.2336
2014-09-26,0.2331
2014-09-27,0.2331
2014-09-28,0.2331
2014-09-29,0.2351
2014-09-30,0.2351
2014-10-01,0.2326
2014-10-02,0.2312
2014-10-03,0.2316
2014-10-04,0.2316
2014-10-05,0.2316
2014-10-06,0.2326
2014-10-07,0.2311
2014-10-08,0.2291
2014-10-09,0.2291
2014-10-10,0.23
2014-10-11,0.23
2014-10-12,0.23
2014-10-13,0.2306
2014-10-14,0.2291
2014-10-15,0.2281
2014-10-16,0.23075
2014-10-17,0.23135
2014-10-18,0.23135
2014-10-19,0.23135
2014-10-20,0.2321
2014-10-21,0.2306
2014-10-22,0.2328
2014-10-23,0.2336
2014-10-24,0.2331
2014-10-25,0.2331
2014-10-26,0.2331
2014-10-27,0.2326
2014-10-28,0.2326
2014-10-29,0.2326
2014-10-30,0.23235
2014-10-31,0.2321
2014-11-01,0.2321
2014-11-02,0.2321
2014-11-03,0.23235
2014-11-04,0.23185
2014-11-05,0.23185
2014-11-06,0.2316
2014-11-07,0.2326
2014-11-08,0.2326
2014-11-09,0.2326
2014-11-10,0.2331
2014-11-11,0.2332
2014-11-12,0.2332
2014-11-13,0.2321
2014-11-14,0.2321
2014-11-15,0.2321
2014-11-16,0.2321
2014-11-17,0.23185
2014-11-18,0.23185
2014-11-19,0.2311
2014-11-20,0.2329
2014-11-21,0.23285
2014-11-22,0.23285
2014-11-23,0.23285
2014-11-24,0.23435
2014-11-25,0.2356
2014-11-26,0.2356
2014-11-27,0.2336
2014-11-28,0.2336
2014-11-29,0.2336
2014-11-30,0.2336
2014-12-01,0.2346
2014-12-02,0.2346
2014-12-03,0.23485
2014-12-04,0.23535
2014-12-05,0.2356
2014-12-06,0.2356
2014-12-07,0.2356
2014-12-08,0.2376
2014-12-09,0.23885
2014-12-10,0.2399
2014-12-11,0.2406
2014-12-12,0.24285
2014-12-13,0.24285
2014-12-14,0.24285
2014-12-15,0.2426
2014-12-16,0.2426
2014-12-17,0.24535
2014-12-18,0.2471
2014-12-19,0.2521
2014-12-20,0.2521
2014-12-21,0.2521
2014-12-22,0.2551
2014-12-23,0.2546
2014-12-24,0.2566
2014-12-25,0.2566
2014-12-26,0.2566
2014-12-27,0.2566
2014-12-28,0.2566
2014-12-29,0.2551
2014-12-30,0.2552
2014-12-31,0.2556
2015-01-01,0.2556
2015-01-02,0.2556
2015-01-03,0.2556
2015-01-04,0.2556
2015-01-05,0.2536
2015-01-06,0.2511
2015-01-07,0.2521
2015-01-08,0.2521
2015-01-09,0.2541
2015-01-10,0.2541
2015-01-11,0.2541
2015-01-12,0.2528
2015-01-13,0.2533
2015-01-14,0.2536
2015-01-15,0.2526
2015-01-16,0.2566
2015-01-17,0.2566
2015-01-18,0.2566
2015-01-19,0.2562
2015-01-20,0.2567
2015-01-21,0.2571
2015-01-22,0.2561
2015-01-23,0.2561
2015-01-24,0.2561
2015-01-25,0.2561
2015-01-26,0.2561
2015-01-27,0.2526
2015-01-28,0.2546
2015-01-29,0.2546
2015-01-30,0.2531
2015-01-31,0.2531
2015-02-01,0.2531
2015-02-02,0.2521
2015-02-03,0.2551
2015-02-04,0.2551
2015-02-05,0.2561
2015-02-06,0.2556
2015-02-07,0.2556
2015-02-08,0.2556
2015-02-09,0.25835
2015-02-10,0.2581
2015-02-11,0.2581
2015-02-12,0.2581
2015-02-13,0.2571
2015-02-14,0.2571
2015-02-15,0.2571
2015-02-16,0.2562
2015-02-17,0.2567
2015-02-18,0.2606
2015-02-19,0.2615
2015-02-20,0.2626
2015-02-21,0.2626
2015-02-22,0.2626
2015-02-23,0.2616
2015-02-24,0.2611
2015-02-25,0.2609
2015-02-26,0.2616
2015-02-27,0.26185
2015-02-28,0.26185
2015-03-01,0.26185
2015-03-02,0.26095
2015-03-03,0.26515
2015-03-04,0.2636
2015-03-05,0.2636
2015-03-06,0.2646
2015-03-07,0.2646
2015-03-08,0.2646
2015-03-09,0.2666
2015-03-10,0.2677
2015-03-11,0.2699
2015-03-12,0.2706
2015-03-13,0.27065
2015-03-14,0.27065
2015-03-15,0.27065
2015-03-16,0.27015
2015-03-17,0.26935
2015-03-18,0.2703
2015-03-19,0.26455
2015-03-20,0.2668
2015-03-21,0.2668
2015-03-22,0.2668
2015-03-23,0.2668
2015-03-24,0.26935
2015-03-25,0.26855
2015-03-26,0.27305
2015-03-27,0.2754
2015-03-28,0.2754
2015-03-29,0.2754
2015-03-30,0.27415
2015-03-31,0.27075
2015-04-01,0.27075
2015-04-02,0.27375
2015-04-03,0.27375
2015-04-04,0.27375
2015-04-05,0.27375
2015-04-06,0.27375
2015-04-07,0.27375
2015-04-08,0.2712
2015-04-09,0.2759
2015-04-10,0.277
2015-04-11,0.277
2015-04-12,0.277
2015-04-13,0.2753
2015-04-14,0.27555
2015-04-15,0.27435
2015-04-16,0.2751
2015-04-17,0.27575
2015-04-18,0.27575
2015-04-19,0.27575
2015-04-20,0.276
2015-04-21,0.27725
2015-04-22,0.2775
2015-04-23,0.277
2015-04-24,0.279
2015-04-25,0.279
2015-04-26,0.279
2015-04-27,0.279
2015-04-28,0.27815
2015-04-29,0.27815
2015-04-30,0.27875
2015-05-01,0.27975
2015-05-02,0.27975
2015-05-03,0.27975
2015-05-04,0.27975
2015-05-05,0.2759
2015-05-06,0.276
2015-05-07,0.27885
2015-05-08,0.27985
2015-05-09,0.27985
2015-05-10,0.27985
2015-05-11,0.2766
2015-05-12,0.275
2015-05-13,0.2739
2015-05-14,0.276
2015-05-15,0.2765
2015-05-16,0.2765
2015-05-17,0.2765
2015-05-18,0.276
2015-05-19,0.281
2015-05-20,0.2835
2015-05-21,0.282
2015-05-22,0.2845
2015-05-23,0.2845
2015-05-24,0.2845
2015-05-25,0.2845
2015-05-26,0.28585
2015-05-27,0.2835
2015-05-28,0.28275
2015-05-29,0.28375
2015-05-30,0.28375
2015-05-31,0.28375
2015-06-01,0.2825
2015-06-02,0.2787
2015-06-03,0.2792
2015-06-04,0.2789
2015-06-05,0.2812
2015-06-06,0.2812
2015-06-07,0.2812
2015-06-08,0.2822
2015-06-09,0.2855
2015-06-10,0.28785
2015-06-11,0.28585
2015-06-12,0.28605
2015-06-13,0.28605
2015-06-14,0.28605
2015-06-15,0.28325
2015-06-16,0.28625
2015-06-17,0.2857
2015-06-18,0.2808
2015-06-19,0.2813
2015-06-20,0.2813
2015-06-21,0.2813
2015-06-22,0.28225
2015-06-23,0.28075
2015-06-24,0.28075
2015-06-25,0.282
2015-06-26,0.28175
2015-06-27,0.28175
2015-06-28,0.28175
2015-06-29,0.2837
2015-06-30,0.2832
2015-07-01,0.2836
2015-07-02,0.2835
2015-07-03,0.2843
2015-07-04,0.2843
2015-07-05,0.2843
2015-07-06,0.28425
2015-07-07,0.28325
2015-07-08,0.28345
2015-07-09,0.286
2015-07-10,0.2858
2015-07-11,0.2858
2015-07-12,0.2858
2015-07-13,0.2888
2015-07-14,0.2885
2015-07-15,0.2885
2015-07-16,0.287
2015-07-17,0.29175
2015-07-18,0.29175
2015-07-19,0.29175
2015-07-20,0.295
2015-07-21,0.2941
2015-07-22,0.2925
2015-07-23,0.2951
2015-07-24,0.2936
2015-07-25,0.2936
2015-07-26,0.2936
2015-07-27,0.2941
2015-07-28,0.2968
2015-07-29,0.2968
2015-07-30,0.3001
2015-07-31,0.3086
2015-08-01,0.3086
2015-08-02,0.3086
2015-08-03,0.3037
2015-08-04,0.3011
2015-08-05,0.3109
2015-08-06,0.3114
2015-08-07,0.3116
2015-08-08,0.3116
2015-08-09,0.3116
2015-08-10,0.3142
2015-08-11,0.31435
2015-08-12,0.3093
2015-08-13,0.3205
2015-08-14,0.32445
2015-08-15,0.32445
2015-08-16,0.32445
2015-08-17,0.33285
2015-08-18,0.33285
2015-08-19,0.33335
2015-08-20,0.3291
2015-08-21,0.3291
2015-08-22,0.3291
2015-08-23,0.3291
2015-08-24,0.3316
2015-08-25,0.327
2015-08-26,0.3252
2015-08-27,0.3244
2015-08-28,0.329
2015-08-29,0.329
2015-08-30,0.329
2015-08-31,0.329
2015-09-01,0.334
2015-09-02,0.3325
2015-09-03,0.3335
2015-09-04,0.332
2015-09-05,0.332
2015-09-06,0.332
2015-09-07,0.333
2015-09-08,0.332
2015-09-09,0.333
2015-09-10,0.336
2015-09-11,0.3372
2015-09-12,0.3372
2015-09-13,0.3372
2015-09-14,0.3355
2015-09-15,0.33425
2015-09-16,0.3396
2015-09-17,0.3451
2015-09-18,0.3192
2015-09-19,0.3192
2015-09-20,0.3192
2015-09-21,0.326
2015-09-22,0.3265
2015-09-23,0.3255
2015-09-24,0.3264
2015-09-25,0.3261
2015-09-26,0.3261
2015-09-27,0.3261
2015-09-28,0.3266
2015-09-29,0.3255
2015-09-30,0.325
2015-10-01,0.324
2015-10-02,0.3271
2015-10-03,0.3271
2015-10-04,0.3271
2015-10-05,0.3232
2015-10-06,0.318
2015-10-07,0.3186
2015-10-08,0.3196
2015-10-09,0.3206
2015-10-10,0.3206
2015-10-11,0.3206
2015-10-12,0.32075
2015-10-13,0.3205
2015-10-14,0.31705
2015-10-15,0.31515
2015-10-16,0.31715
2015-10-17,0.31715
2015-10-18,0.31715
2015-10-19,0.31665
2015-10-20,0.3204
2015-10-21,0.3164
2015-10-22,0.3199
2015-10-23,0.3229
2015-10-24,0.3229
2015-10-25,0.3229
2015-10-26,0.32315
2015-10-27,0.3239
2015-10-28,0.3219
2015-10-29,0.3289
2015-10-30,0.3341
2015-10-31,0.3341
2015-11-01,0.3341
2015-11-02,0.3341
2015-11-03,0.3336
2015-11-04,0.3366
2015-11-05,0.3439
2015-11-06,0.3414
2015-11-07,0.3414
2015-11-08,0.3414
2015-11-09,0.3556
2015-11-10,0.3561
2015-11-11,0.3591
2015-11-12,0.3616
2015-11-13,0.3636
2015-11-14,0.3636
2015-11-15,0.3636
2015-11-16,0.3641
2015-11-17,0.3671
2015-11-18,0.3696
2015-11-19,0.3776
2015-11-20,0.3821
2015-11-21,0.3821
2015-11-22,0.3821
2015-11-23,0.3932
2015-11-24,0.4023
2015-11-25,0.4067
2015-11-26,0.4117
2015-11-27,0.4142
2015-11-28,0.4142
2015-11-29,0.4142
2015-11-30,0.4162
2015-12-01,0.4222
2015-12-02,0.436
2015-12-03,0.452
2015-12-04,0.462
2015-12-05,0.462
2015-12-06,0.462
2015-12-07,0.477
2015-12-08,0.4865
2015-12-09,0.492
2015-12-10,0.502
2015-12-11,0.512
2015-12-12,0.512
2015-12-13,0.512
2015-12-14,0.51775
2015-12-15,0.52575
2015-12-16,0.5325
2015-12-17,0.5695
2015-12-18,0.5855
2015-12-19,0.5855
2015-12-20,0.5855
2015-12-21,0.5931
2015-12-22,0.59435
2015-12-23,0.6031
2015-12-24,0.6031
2015-12-25,0.6031
2015-12-26,0.6031
2015-12-27,0.6031
2015-12-28,0.6031
2015-12-29,0.6067
2015-12-30,0.6122
2015-12-31,0.6127
2016-01-01,0.6127
2016-01-02,0.6127
2016-01-03,0.6127
2016-01-04,0.6117
2016-01-05,0.6171
2016-01-06,0.6201
2016-01-07,0.61685
2016-01-08,0.6211
2016-01-09,0.6211
2016-01-10,0.6211
2016-01-11,0.6221
2016-01-12,0.6236
2016-01-13,0.622
2016-01-14,0.6211
2016-01-15,0.6196
2016-01-16,0.6196
2016-01-17,0.6196
2016-01-18,0.6238
2016-01-19,0.6243
2016-01-20,0.6213
2016-01-21,0.6186
2016-01-22,0.6191
2016-01-23,0.6191
2016-01-24,0.6191
2016-01-25,0.6213
2016-01-26,0.6211
2016-01-27,0.6181
2016-01-28,0.6156
2016-01-29,0.6126
2016-01-30,0.6126
2016-01-31,0.6126
2016-02-01,0.6186
2016-02-02,0.6192
2016-02-03,0.6206
2016-02-04,0.6202
2016-02-05,0.6197
2016-02-06,0.6197
2016-02-07,0.6197
2016-02-08,0.621
2016-02-09,0.6205
2016-02-10,0.6176
2016-02-11,0.6172
2016-02-12,0.6182
2016-02-13,0.6182
2016-02-14,0.6182
2016-02-15,0.6182
2016-02-16,0.6182
2016-02-17,0.6194
2016-02-18,0.6182
2016-02-19,0.6182
2016-02-20,0.6182
2016-02-21,0.6182
2016-02-22,0.6246
2016-02-23,0.6291
2016-02-24,0.6346
2016-02-25,0.6356
2016-02-26,0.6351
2016-02-27,0.6351
2016-02-28,0.6351
2016-02-29,0.6331
2016-03-01,0.6316
2016-03-02,0.63485
2016-03-03,0.6356
2016-03-04,0.6335
2016-03-05,0.6335
2016-03-06,0.6335
2016-03-07,0.6361
2016-03-08,0.63515
2016-03-09,0.6346
2016-03-10,0.63235
2016-03-11,0.63385
2016-03-12,0.63385
2016-03-13,0.63385
2016-03-14,0.63955
2016-03-15,0.64195
2016-03-16,0.639
2016-03-17,0.6234
2016-03-18,0.6243
2016-03-19,0.6243
2016-03-20,0.6243
2016-03-21,0.6246
2016-03-22,0.62835
2016-03-23,0.6301
2016-03-24,0.6286
2016-03-25,0.6286
2016-03-26,0.6286
2016-03-27,0.6286
2016-03-28,0.6286
2016-03-29,0.63085
2016-03-30,0.6251
2016-03-31,0.6286
2016-04-01,0.6291
2016-04-02,0.6291
2016-04-03,0.6291
2016-04-04,0.6301
2016-04-05,0.6266
2016-04-06,0.6306
2016-04-07,0.6288
2016-04-08,0.6308
2016-04-09,0.6308
2016-04-10,0.6308
2016-04-11,0.62985
2016-04-12,0.6296
2016-04-13,0.62835
2016-04-14,0.63285
2016-04-15,0.6331
2016-04-16,0.6331
2016-04-17,0.6331
2016-04-18,0.63435
2016-04-19,0.63485
2016-04-20,0.6351
2016-04-21,0.6381
2016-04-22,0.63585
2016-04-23,0.63585
2016-04-24,0.63585
2016-04-25,0.63385
2016-04-26,0.63435
2016-04-27,0.63835
2016-04-28,0.6366
2016-04-29,0.6366
2016-04-30,0.6366
2016-05-01,0.6366
2016-05-02,0.6366
2016-05-03,0.6329
2016-05-04,0.6341
2016-05-05,0.6318
2016-05-06,0.6296
2016-05-07,0.6296
2016-05-08,0.6296
2016-05-09,0.6296
2016-05-10,0.6281
2016-05-11,0.6266
2016-05-12,0.6261
2016-05-13,0.6276
2016-05-14,0.6276
2016-05-15,0.6276
2016-05-16,0.6261
2016-05-17,0.6251
2016-05-18,0.6356
2016-05-19,0.6539
2016-05-20,0.6613
2016-05-21,0.6613
2016-05-22,0.6613
2016-05-23,0.6623
2016-05-24,0.6653
2016-05-25,0.66655
2016-05-26,0.67405
2016-05-27,0.67305
2016-05-28,0.67305
2016-05-29,0.67305
2016-05-30,0.67305
2016-05-31,0.6858
2016-06-01,0.6813
2016-06-02,0.6801
2016-06-03,0.68215
2016-06-04,0.68215
2016-06-05,0.68215
2016-06-06,0.66065
2016-06-07,0.6566
2016-06-08,0.658
2016-06-09,0.65605
2016-06-10,0.6556
2016-06-11,0.6556
2016-06-12,0.6556
2016-06-13,0.6525
2016-06-14,0.6548
2016-06-15,0.65635
2016-06-16,0.6466
2016-06-17,0.6444
2016-06-18,0.6444
2016-06-19,0.6444
2016-06-20,0.6465
2016-06-21,0.64185
2016-06-22,0.6401
2016-06-23,0.6401
2016-06-24,0.6236
2016-06-25,0.6236
2016-06-26,0.6236
2016-06-27,0.6271
2016-06-28,0.6311
2016-06-29,0.6461
2016-06-30,0.6541
2016-07-01,0.65335
2016-07-02,0.65335
2016-07-03,0.65335
2016-07-04,0.65635
2016-07-05,0.6571
2016-07-06,0.6611
2016-07-07,0.6646
2016-07-08,0.6671
2016-07-09,0.6671
2016-07-10,0.6671
2016-07-11,0.6691
2016-07-12,0.67335
2016-07-13,0.6801
2016-07-14,0.6791
2016-07-15,0.68785
2016-07-16,0.68785
2016-07-17,0.68785
2016-07-18,0.6956
2016-07-19,0.6971
2016-07-20,0.7016
2016-07-21,0.7145
2016-07-22,0.721
2016-07-23,0.721
2016-07-24,0.721
2016-07-25,0.7335
2016-07-26,0.743
2016-07-27,0.7515
2016-07-28,0.7565
2016-07-29,0.7591
2016-07-30,0.7591
2016-07-31,0.7591
2016-08-01,0.7591
2016-08-02,0.7676
2016-08-03,0.7776
2016-08-04,0.7876
2016-08-05,0.79235
2016-08-06,0.79235
2016-08-07,0.79235
2016-08-08,0.8065
2016-08-09,0.816
2016-08-10,0.8176
2016-08-11,0.817
2016-08-12,0.81825
2016-08-13,0.81825
2016-08-14,0.81825
2016-08-15,0.80411
2016-08-16,0.80128
2016-08-17,0.81128
2016-08-18,0.811
2016-08-19,0.81711
2016-08-20,0.81711
2016-08-21,0.81711
2016-08-22,0.82544
2016-08-23,0.82544
2016-08-24,0.82544
2016-08-25,0.82933
2016-08-26,0.83344
2016-08-27,0.83344
2016-08-28,0.83344
2016-08-29,0.83344
2016-08-30,0.84211
2016-08-31,0.83933
2016-09-01,0.83567
2016-09-02,0.83511
2016-09-03,0.83511
2016-09-04,0.83511
2016-09-05,0.83344
2016-09-06,0.84067
2016-09-07,0.83356
2016-09-08,0.84544
2016-09-09,0.85222
2016-09-10,0.85222
2016-09-11,0.85222
2016-09-12,0.85578
2016-09-13,0.85028
2016-09-14,0.85389
2016-09-15,0.85656
2016-09-16,0.85711
2016-09-17,0.85711
2016-09-18,0.85711
2016-09-19,0.86067
2016-09-20,0.86589
2016-09-21,0.86333
2016-09-22,0.85672
2016-09-23,0.85294
2016-09-24,0.85294
2016-09-25,0.85294
2016-09-26,0.85294
2016-09-27,0.85378
2016-09-28,0.83769
2016-09-29,0.84561
2016-09-30,0.85367
2016-10-01,0.85367
2016-10-02,0.85367
2016-10-03,0.85789
2016-10-04,0.86433
2016-10-05,0.86794
2016-10-06,0.87156
2016-10-07,0.87606
2016-10-08,0.87606
2016-10-09,0.87606
2016-10-10,0.87389
2016-10-11,0.8775
2016-10-12,0.88111
2016-10-13,0.88
2016-10-14,0.88167
2016-10-15,0.88167
2016-10-16,0.88167
2016-10-17,0.87761
2016-10-18,0.88122
2016-10-19,0.88067
2016-10-20,0.88178
2016-10-21,0.88178
2016-10-22,0.88178
2016-10-23,0.88178
2016-10-24,0.88372
2016-10-25,0.88567
2016-10-26,0.89039
2016-10-27,0.88733
2016-10-28,0.88594
2016-10-29,0.88594
2016-10-30,0.88594
2016-10-31,0.88428
2016-11-01,0.88094
2016-11-02,0.87567
2016-11-03,0.88094
2016-11-04,0.88261
2016-11-05,0.88261
2016-11-06,0.88261
2016-11-07,0.88678
2016-11-08,0.88233
2016-11-09,0.8865
2016-11-10,0.90206
2016-11-11,0.90567
2016-11-12,0.90567
2016-11-13,0.90567
2016-11-14,0.91122
2016-11-15,0.90622
2016-11-16,0.90872
2016-11-17,0.91122
2016-11-18,0.91622
2016-11-19,0.91622
2016-11-20,0.91622
2016-11-21,0.91983
2016-11-22,0.92483
2016-11-23,0.93011
2016-11-24,0.93706
2016-11-25,0.93733
2016-11-26,0.93733
2016-11-27,0.93733
2016-11-28,0.93511
2016-11-29,0.93067
2016-11-30,0.93417
2016-12-01,0.94167
2016-12-02,0.94639
2016-12-03,0.94639
2016-12-04,0.94639
2016-12-05,0.94806
2016-12-06,0.95083
2016-12-07,0.95083
2016-12-08,0.95306
2016-12-09,0.9565
2016-12-10,0.9565
2016-12-11,0.9565
2016-12-12,0.95872
2016-12-13,0.96344
2016-12-14,0.97039
2016-12-15,0.99317
2016-12-16,0.99733
2016-12-17,0.99733
2016-12-18,0.99733
2016-12-19,0.99428
2016-12-20,0.99622
2016-12-21,0.99761
2016-12-22,0.99706
2016-12-23,0.99706
2016-12-24,0.99706
2016-12-25,0.99706
2016-12-26,0.99706
2016-12-27,0.99706
2016-12-28,0.99817
2016-12-29,0.99789
2016-12-30,0.99789
2016-12-31,0.99789
2017-01-01,0.99789
2017-01-02,0.99789
2017-01-03,0.99872
2017-01-04,1.00511
2017-01-05,1.00928
2017-01-06,1.01011
2017-01-07,1.01011
2017-01-08,1.01011
2017-01-09,1.01483
2017-01-10,1.01789
2017-01-11,1.02178
2017-01-12,1.02178
2017-01-13,1.02317
2017-01-14,1.02317
2017-01-15,1.02317
2017-01-16,1.02372
2017-01-17,1.02483
2017-01-18,1.03011
2017-01-19,1.04122
2017-01-20,1.04344
2017-01-21,1.04344
2017-01-22,1.04344
2017-01-23,1.03789
2017-01-24,1.03178
2017-01-25,1.03733
2017-01-26,1.039
2017-01-27,1.039
2017-01-28,1.039
2017-01-29,1.039
2017-01-30,1.034
2017-01-31,1.03456
2017-02-01,1.03456
2017-02-02,1.03372
2017-02-03,1.034
2017-02-04,1.034
2017-02-05,1.034
2017-02-06,1.03844
2017-02-07,1.03817
2017-02-08,1.03372
2017-02-09,1.03372
2017-02-10,1.03622
2017-02-11,1.03622
2017-02-12,1.03622
2017-02-13,1.039
2017-02-14,1.03733
2017-02-15,1.04178
2017-02-16,1.0565
2017-02-17,1.05233
2017-02-18,1.05233
2017-02-19,1.05233
2017-02-20,1.05011
2017-02-21,1.05344
2017-02-22,1.054
2017-02-23,1.05233
2017-02-24,1.054
2017-02-25,1.054
2017-02-26,1.054
2017-02-27,1.05456
2017-02-28,1.064
2017-03-01,1.09278
2017-03-02,1.1
2017-03-03,1.10167
2017-03-04,1.10167
2017-03-05,1.10167
2017-03-06,1.10622
2017-03-07,1.10622
2017-03-08,1.109
2017-03-09,1.11956
2017-03-10,1.12122
2017-03-11,1.12122
2017-03-12,1.12122
2017-03-13,1.13122
2017-03-14,1.13733
2017-03-15,1.14817
2017-03-16,1.15178
2017-03-17,1.15178
2017-03-18,1.15178
2017-03-19,1.15178
2017-03-20,1.15622
2017-03-21,1.15622
2017-03-22,1.15678
2017-03-23,1.15289
2017-03-24,1.15128
2017-03-25,1.15128
2017-03-26,1.15128
2017-03-27,1.15189
2017-03-28,1.15222
2017-03-29,1.14678
2017-03-30,1.14761
2017-03-31,1.14956
2017-04-01,1.14956
2017-04-02,1.14956
2017-04-03,1.14983
2017-04-04,1.14983
2017-04-05,1.15039
2017-04-06,1.15539
2017-04-07,1.15761
2017-04-08,1.15761
2017-04-09,1.15761
2017-04-10,1.15567
2017-04-11,1.15511
2017-04-12,1.15844
2017-04-13,1.15844
2017-04-14,1.15844
2017-04-15,1.15844
2017-04-16,1.15844
2017-04-17,1.15844
2017-04-18,1.15622
2017-04-19,1.15567
2017-04-20,1.15317
2017-04-21,1.15622
2017-04-22,1.15622
2017-04-23,1.15622
2017-04-24,1.1665
2017-04-25,1.17039
2017-04-26,1.17178
2017-04-27,1.16956
2017-04-28,1.17233
2017-04-29,1.17233
2017-04-30,1.17233
2017-05-01,1.17233
2017-05-02,1.17372
2017-05-03,1.17122
2017-05-04,1.17928
2017-05-05,1.18039
2017-05-06,1.18039
2017-05-07,1.18039
2017-05-08,1.18456
2017-05-09,1.182
2017-05-10,1.18094
2017-05-11,1.18178
2017-05-12,1.17956
2017-05-13,1.17956
2017-05-14,1.17956
2017-05-15,1.17944
2017-05-16,1.18117
2017-05-17,1.17839
2017-05-18,1.17172
2017-05-19,1.18644
2017-05-20,1.18644
2017-05-21,1.18644
2017-05-22,1.192
2017-05-23,1.18867
2017-05-24,1.19761
2017-05-25,1.20039
2017-05-26,1.20178
2017-05-27,1.20178
2017-05-28,1.20178
2017-05-29,1.20178
2017-05-30,1.20178
2017-05-31,1.21
2017-06-01,1.21806
2017-06-02,1.2225
2017-06-03,1.2225
2017-06-04,1.2225
2017-06-05,1.21956
2017-06-06,1.219
2017-06-07,1.221
2017-06-08,1.22811
2017-06-09,1.23644
2017-06-10,1.23644
2017-06-11,1.23644
2017-06-12,1.24167
2017-06-13,1.24556
2017-06-14,1.25033
2017-06-15,1.26744
2017-06-16,1.27356
2017-06-17,1.27356
2017-06-18,1.27356
2017-06-19,1.28022
2017-06-20,1.28722
2017-06-21,1.28944
2017-06-22,1.29556
2017-06-23,1.29328
2017-06-24,1.29328
2017-06-25,1.29328
2017-06-26,1.29483
2017-06-27,1.29506
2017-06-28,1.29639
2017-06-29,1.29861
2017-06-30,1.29917
2017-07-01,1.29917
2017-07-02,1.29917
2017-07-03,1.30072
2017-07-04,1.302109957
2017-07-05,1.302999973
2017-07-06,1.30411005
2017-07-07,1.305220008
2017-07-08,1.305220008
2017-07-09,1.305220008
2017-07-10,1.30411005
2017-07-11,1.303500056
2017-07-12,1.30388999
2017-07-13,1.303609967
2017-07-14,1.303609967
2017-07-15,1.303609967
2017-07-16,1.303609967
2017-07-17,1.306110024
2017-07-18,1.30693996
2017-07-19,1.307219982
2017-07-20,1.3125
2017-07-21,1.314440012
2017-07-22,1.314440012
2017-07-23,1.314440012
2017-07-24,1.31388998
2017-07-25,1.316669941
2017-07-26,1.31388998
2017-07-27,1.31111002
2017-07-28,1.310559988
2017-07-29,1.310559988
2017-07-30,1.310559988
2017-07-31,1.310559988
2017-08-01,1.310559988
2017-08-02,1.312780023
2017-08-03,1.311669946
2017-08-04,1.311939955
2017-08-05,1.311939955
2017-08-06,1.311939955
2017-08-07,1.311390042
2017-08-08,1.309440017
2017-08-09,1.309170008
2017-08-10,1.309110045
2017-08-11,1.315000057
2017-08-12,1.315000057
2017-08-13,1.315000057
2017-08-14,1.314170003
2017-08-15,1.314170003
2017-08-16,1.316669941
2017-08-17,1.316390038
2017-08-18,1.314720035
2017-08-19,1.314720035
2017-08-20,1.314720035
2017-08-21,1.314440012
2017-08-22,1.317219973
2017-08-23,1.317219973
2017-08-24,1.317219973
2017-08-25,1.317780018
2017-08-26,1.317780018
2017-08-27,1.317780018
2017-08-28,1.317780018
2017-08-29,1.31693995
2017-08-30,1.316110015
2017-08-31,1.317780018
2017-09-01,1.316110015
2017-09-02,1.316110015
2017-09-03,1.316110015
2017-09-04,1.316110015
2017-09-05,1.317219973
2017-09-06,1.317219973
2017-09-07,1.317219973
2017-09-08,1.310330033
2017-09-09,1.310330033
2017-09-10,1.310330033
2017-09-11,1.316669941
2017-09-12,1.319169998
2017-09-13,1.320000052
2017-09-14,1.32111001
2017-09-15,1.323889971
2017-09-16,1.323889971
2017-09-17,1.323889971
2017-09-18,1.325000048
2017-09-19,1.326110005
2017-09-20,1.323060036
2017-09-21,1.32833004
2017-09-22,1.329439998
2017-09-23,1.329439998
2017-09-24,1.329439998
2017-09-25,1.32972002
2017-09-26,1.330829978
2017-09-27,1.332780004
2017-09-28,1.335000038
2017-09-29,1.333889961
2017-09-30,1.333889961
2017-10-01,1.333889961
2017-10-02,1.335559964
2017-10-03,1.342499971
2017-10-04,1.346670032
2017-10-05,1.348610044
2017-10-06,1.350280046
2017-10-07,1.350280046
2017-10-08,1.350280046
2017-10-09,1.356389999
2017-10-10,1.356670022
2017-10-11,1.358610034
2017-10-12,1.35916996
2017-10-13,1.353330016
2017-10-14,1.353330016
2017-10-15,1.353330016
2017-10-16,1.353889942
2017-10-17,1.357329965
2017-10-18,1.362609982
2017-10-19,1.362499952
2017-10-20,1.364760041
2017-10-21,1.364760041
2017-10-22,1.364760041
2017-10-23,1.367419958
2017-10-24,1.370640039
2017-10-25,1.374459982
2017-10-26,1.377959967
2017-10-27,1.380089998
2017-10-28,1.380089998
2017-10-29,1.380089998
2017-10-30,1.376780033
2017-10-31,1.381219983
2017-11-01,1.384829998
2017-11-02,1.391389966
2017-11-03,1.391939998
2017-11-04,1.391939998
2017-11-05,1.391939998
2017-11-06,1.397029996
2017-11-07,1.402580023
2017-11-08,1.409809947
2017-11-09,1.412889957
2017-11-10,1.412889957
2017-11-11,1.412889957
2017-11-12,1.412889957
2017-11-13,1.415860057
2017-11-14,1.418990016
2017-11-15,1.421900034
2017-11-16,1.435670018
2017-11-17,1.440670013
2017-11-18,1.440670013
2017-11-19,1.440670013
2017-11-20,1.445940018
2017-11-21,1.453999996
2017-11-22,1.462329984
2017-11-23,1.462059975
2017-11-24,1.467630029
2017-11-25,1.467630029
2017-11-26,1.467630029
2017-11-27,1.47724998
2017-11-28,1.478819966
2017-11-29,1.48063004
2017-11-30,1.487380028
2017-12-01,1.494629979
2017-12-02,1.494629979
2017-12-03,1.494629979
2017-12-04,1.508489966
2017-12-05,1.515319943
2017-12-06,1.522629976
2017-12-07,1.536059976
2017-12-08,1.548779964
2017-12-09,1.548779964
2017-12-10,1.548779964
2017-12-11,1.563470006
2017-12-12,1.573519945
2017-12-13,1.588490009
2017-12-14,1.600419998
2017-12-15,1.613309979
2017-12-16,1.613309979
2017-12-17,1.613309979
2017-12-18,1.625480056
2017-12-19,1.642030001
2017-12-20,1.657930017
2017-12-21,1.674640059
2017-12-22,1.685770035
2017-12-23,1.685770035
2017-12-24,1.685770035
2017-12-25,1.685770035
2017-12-26,1.685770035
2017-12-27,1.693390012
2017-12-28,1.694650054
2017-12-29,1.694280028
2017-12-30,1.694280028
2017-12-31,1.694280028
2018-01-01,1.694280028
2018-01-02,1.696930051
2018-01-03,1.695930004
2018-01-04,1.703809977
2018-01-05,1.70393002
2018-01-06,1.70393002
2018-01-07,1.70393002
2018-01-08,1.708019972
2018-01-09,1.704570055
2018-01-10,1.709110022
2018-01-11,1.720190048
2018-01-12,1.721519947
2018-01-13,1.721519947
2018-01-14,1.721519947
2018-01-15,1.731330037
2018-01-16,1.734079957
2018-01-17,1.739179969
2018-01-18,1.744699955
2018-01-19,1.74447
2018-01-20,1.74447
2018-01-21,1.74447
2018-01-22,1.741299987
2018-01-23,1.745200038
2018-01-24,1.752460003
2018-01-25,1.760310054
2018-01-26,1.766899943
2018-01-27,1.766899943
2018-01-28,1.766899943
2018-01-29,1.772250056
2018-01-30,1.773399949
2018-01-31,1.777770042
2018-02-01,1.786980033
2018-02-02,1.789019942
2018-02-03,1.789019942
2018-02-04,1.789019942
2018-02-05,1.793449998
2018-02-06,1.790699959
2018-02-07,1.799890041
2018-02-08,1.810500026
2018-02-09,1.820000052
2018-02-10,1.820000052
2018-02-11,1.820000052
2018-02-12,1.833379984
2018-02-13,1.838750005
2018-02-14,1.850000024
2018-02-15,1.872499943
2018-02-16,1.884940028
2018-02-17,1.884940028
2018-02-18,1.884940028
2018-02-19,1.892130017
2018-02-20,1.903939962
2018-02-21,1.919749975
2018-02-22,1.94362998
2018-02-23,1.956249952
2018-02-24,1.956249952
2018-02-25,1.956249952
2018-02-26,1.984189987
2018-02-27,2.006249905
2018-02-28,2.01718998
2018-03-01,2.024569988
2018-03-02,2.025190115
2018-03-03,2.025190115
2018-03-04,2.025190115
2018-03-05,2.03489995
2018-03-06,2.047280073
2018-03-07,2.057250023
2018-03-08,2.071399927
2018-03-09,2.088749886
2018-03-10,2.088749886
2018-03-11,2.088749886
2018-03-12,2.10687995
2018-03-13,2.124500036
2018-03-14,2.144999981
2018-03-15,2.17750001
2018-03-16,2.20175004
2018-03-17,2.20175004
2018-03-18,2.20175004
2018-03-19,2.222490072
2018-03-20,2.248140097
2018-03-21,2.271080017
2018-03-22,2.285569906
2018-03-23,2.291549921
2018-03-24,2.291549921
2018-03-25,2.291549921
2018-03-26,2.294960022
2018-03-27,2.302000046
2018-03-28,2.308000088
2018-03-29,2.311749935
2018-03-30,2.311749935
2018-03-31,2.311749935
2018-04-01,2.311749935
2018-04-02,2.311749935
2018-04-03,2.320839882
2018-04-04,2.324609995
2018-04-05,2.330630064
2018-04-06,2.337460041
2018-04-07,2.337460041
2018-04-08,2.337460041
2018-04-09,2.337300062
2018-04-10,2.339030027
2018-04-11,2.341629982
2018-04-12,2.347690105
2018-04-13,2.352809906
2018-04-14,2.352809906
2018-04-15,2.352809906
2018-04-16,2.355089903
2018-04-17,2.355390072
2018-04-18,2.358659983
2018-04-19,2.361560106
2018-04-20,2.359230042
2018-04-21,2.359230042
2018-04-22,2.359230042
2018-04-23,2.359539986
2018-04-24,2.361670017
2018-04-25,2.365609884
2018-04-26,2.358779907
2018-04-27,2.358050108
2018-04-28,2.358050108
2018-04-29,2.358050108
2018-04-30,2.362940073
2018-05-01,2.35374999
2018-05-02,2.362940073
2018-05-03,2.363130093
2018-05-04,2.36906004
2018-05-05,2.36906004
2018-05-06,2.36906004
2018-05-07,2.36906004
2018-05-08,2.352499962
2018-05-09,2.355750084
2018-05-10,2.355000019
2018-05-11,2.342499971
2018-05-12,2.342499971
2018-05-13,2.342499971
2018-05-14,2.329999924
2018-05-15,2.320630074
2018-05-16,2.32562995
2018-05-17,2.331249952
2018-05-18,2.329380035
2018-05-19,2.329380035
2018-05-20,2.329380035
2018-05-21,2.329999924
2018-05-22,2.329999924
2018-05-23,2.329999924
2018-05-24,2.319380045
2018-05-25,2.318130016
2018-05-26,2.318130016
2018-05-27,2.318130016
2018-05-28,2.318130016
2018-05-29,2.307189941
2018-05-30,2.300309896
2018-05-31,2.321249962
2018-06-01,2.317810059
2018-06-02,2.317810059
2018-06-03,2.317810059
2018-06-04,2.31381011
2018-06-05,2.319190025
2018-06-06,2.320879936
2018-06-07,2.327130079
2018-06-08,2.326309919
2018-06-09,2.326309919
2018-06-10,2.326309919
2018-06-11,2.332629919
2018-06-12,2.33562994
2018-06-13,2.340630054
2018-06-14,2.334690094
2018-06-15,2.325939894
2018-06-16,2.325939894
2018-06-17,2.325939894
2018-06-18,2.324690104
2018-06-19,2.330250025
2018-06-20,2.331880093
2018-06-21,2.335059881
2018-06-22,2.338880062
2018-06-23,2.338880062
2018-06-24,2.338880062
2018-06-25,2.336999893
2018-06-26,2.33562994
2018-06-27,2.334379911
2018-06-28,2.337379932
2018-06-29,2.335750103
2018-06-30,2.335750103
2018-07-01,2.335750103
2018-07-02,2.342499971
2018-07-03,2.337249994
2018-07-04,2.337310076
2018-07-05,2.338629961
2018-07-06,2.331439972
2018-07-07,2.331439972
2018-07-08,2.331439972
2018-07-09,2.333129883
2018-07-10,2.337440014
2018-07-11,2.336999893
2018-07-12,2.339190006
2018-07-13,2.335999966
2018-07-14,2.335999966
2018-07-15,2.335999966
2018-07-16,2.332629919
2018-07-17,2.341939926
2018-07-18,2.347500086
2018-07-19,2.347059965
2018-07-20,2.341559887
2018-07-21,2.341559887
2018-07-22,2.341559887
2018-07-23,2.335309982
2018-07-24,2.334880114
2018-07-25,2.336879969
2018-07-26,2.338880062
2018-07-27,2.342380047
2018-07-28,2.342380047
2018-07-29,2.342380047
2018-07-30,2.343130112
2018-07-31,2.348560095
2018-08-01,2.348249912
2018-08-02,2.340500116
2018-08-03,2.342999935
2018-08-04,2.342999935
2018-08-05,2.342999935
2018-08-06,2.343250036
2018-08-07,2.341439962
2018-08-08,2.340500116
2018-08-09,2.338000059
2018-08-10,2.319250107
2018-08-11,2.319250107
2018-08-12,2.319250107
2018-08-13,2.313750029
2018-08-14,2.315190077
2018-08-15,2.311749935
2018-08-16,2.322249889
2018-08-17,2.311880112
2018-08-18,2.311880112
2018-08-19,2.311880112
2018-08-20,2.309629917
2018-08-21,2.310250044
2018-08-22,2.311749935
2018-08-23,2.31137991
2018-08-24,2.317250013
2018-08-25,2.317250013
2018-08-26,2.317250013
2018-08-27,2.317250013
2018-08-28,2.314749956
2018-08-29,2.312629938
2018-08-30,2.321249962
2018-08-31,2.320749998
2018-09-01,2.320749998
2018-09-02,2.320749998
2018-09-03,2.315629959
2018-09-04,2.322750092
2018-09-05,2.316809893
2018-09-06,2.327059984
2018-09-07,2.331249952
2018-09-08,2.331249952
2018-09-09,2.331249952
2018-09-10,2.334249973
2018-09-11,2.334249973
2018-09-12,2.331500053
2018-09-13,2.334130049
2018-09-14,2.33713007
2018-09-15,2.33713007
2018-09-16,2.33713007
2018-09-17,2.338749886
2018-09-18,2.337500095
2018-09-19,2.353379965
2018-09-20,2.366379976
2018-09-21,2.372629881
2018-09-22,2.372629881
2018-09-23,2.372629881
2018-09-24,2.373630047
2018-09-25,2.381000042
2018-09-26,2.386130095
2018-09-27,2.395999908
2018-09-28,2.398380041
2018-09-29,2.398380041
2018-09-30,2.398380041
2018-10-01,2.39812994
2018-10-02,2.407500029
2018-10-03,2.408250093
2018-10-04,2.40963006
2018-10-05,2.408060074
2018-10-06,2.408060074
2018-10-07,2.408060074
2018-10-08,2.414249897
2018-10-09,2.420439959
2018-10-10,2.425189972
2018-10-11,2.436310053
2018-10-12,2.436439991
2018-10-13,2.436439991
2018-10-14,2.436439991
2018-10-15,2.448810101
2018-10-16,2.444560051
2018-10-17,2.449630022
2018-10-18,2.469000101
2018-10-19,2.477190018
2018-10-20,2.477190018
2018-10-21,2.477190018
2018-10-22,2.487380028
2018-10-23,2.489880085
2018-10-24,2.507999897
2018-10-25,2.509249926
2018-10-26,2.52038002
2018-10-27,2.52038002
2018-10-28,2.52038002
2018-10-29,2.526629925
2018-10-30,2.540999889
2018-10-31,2.558500051
2018-11-01,2.581500053
2018-11-02,2.592380047
2018-11-03,2.592380047
2018-11-04,2.592380047
2018-11-05,2.589250088
2018-11-06,2.591249943
2018-11-07,2.601130009
2018-11-08,2.614629984
2018-11-09,2.618129969
2018-11-10,2.618129969
2018-11-11,2.618129969
2018-11-12,2.61413002
2018-11-13,2.616130114
2018-11-14,2.628999949
2018-11-15,2.640000105
2018-11-16,2.644500017
2018-11-17,2.644500017
2018-11-18,2.644500017
2018-11-19,2.645809889
2018-11-20,2.653130054
2018-11-21,2.676939964
2018-11-22,2.689249992
2018-11-23,2.691190004
2018-11-24,2.691190004
2018-11-25,2.691190004
2018-11-26,2.706809998
2018-11-27,2.70600009
2018-11-28,2.706629992
2018-11-29,2.738130093
2018-11-30,2.736129999
2018-12-01,2.736129999
2018-12-02,2.736129999
2018-12-03,2.751250029
2018-12-04,2.738879919
2018-12-05,2.765749931
2018-12-06,2.767129898
2018-12-07,2.77105999
2018-12-08,2.77105999
2018-12-09,2.77105999
2018-12-10,2.775939941
2018-12-11,2.779000044
2018-12-12,2.777499914
2018-12-13,2.788189888
2018-12-14,2.800689936
2018-12-15,2.800689936
2018-12-16,2.800689936
2018-12-17,2.803630114
2018-12-18,2.792000055
2018-12-19,2.789629936
2018-12-20,2.823750019
2018-12-21,2.821630001
2018-12-22,2.821630001
2018-12-23,2.821630001
2018-12-24,2.813440084
2018-12-25,2.813440084
2018-12-26,2.813440084
2018-12-27,2.802999973
2018-12-28,2.796999931
2018-12-29,2.796999931
2018-12-30,2.796999931
2018-12-31,2.807630062
2019-01-01,2.807630062
2019-01-02,2.793879986
2019-01-03,2.795000076
2019-01-04,2.803879976
2019-01-05,2.803879976
2019-01-06,2.803879976
2019-01-07,2.796809912
2019-01-08,2.782500029
2019-01-09,2.7988801
2019-01-10,2.796940088
2019-01-11,2.787309885
2019-01-12,2.787309885
2019-01-13,2.787309885
2019-01-14,2.778939962
2019-01-15,2.773439884
2019-01-16,2.780309916
2019-01-17,2.775749922
2019-01-18,2.760999918
2019-01-19,2.760999918
2019-01-20,2.760999918
2019-01-21,2.772380114
2019-01-22,2.779249907
2019-01-23,2.770629883
2019-01-24,2.764750004
2019-01-25,2.751630068
2019-01-26,2.751630068
2019-01-27,2.751630068
2019-01-28,2.750499964
2019-01-29,2.744379997
2019-01-30,2.736249924
2019-01-31,2.737499952
2019-02-01,2.732630014
2019-02-02,2.732630014
2019-02-03,2.732630014
2019-02-04,2.734380007
2019-02-05,2.738500118
2019-02-06,2.73762989
2019-02-07,2.697000027
2019-02-08,2.697750092
2019-02-09,2.697750092
2019-02-10,2.697750092
2019-02-11,2.687999964
2019-02-12,2.692879915
2019-02-13,2.683749914
2019-02-14,2.693880081
2019-02-15,2.682879925
2019-02-16,2.682879925
2019-02-17,2.682879925
2019-02-18,2.643630028
2019-02-19,2.641249895
2019-02-20,2.663379908
2019-02-21,2.651000023
2019-02-22,2.64625001
2019-02-23,2.64625001
2019-02-24,2.64625001
2019-02-25,2.638629913
2019-02-26,2.628880024
2019-02-27,2.626130104
2019-02-28,2.615129948
2019-03-01,2.598500013
2019-03-02,2.598500013
2019-03-03,2.598500013
2019-03-04,2.607630014
2019-03-05,2.606630087
2019-03-06,2.594500065
2019-03-07,2.600630045
2019-03-08,2.596630096
2019-03-09,2.596630096
2019-03-10,2.596630096
2019-03-11,2.608249903
2019-03-12,2.593250036
2019-03-13,2.610879898
2019-03-14,2.614629984
2019-03-15,2.625250101
2019-03-16,2.625250101
2019-03-17,2.625250101
2019-03-18,2.63263011
2019-03-19,2.612750053
2019-03-20,2.607000113
2019-03-21,2.601500034
2019-03-22,2.609879971
2019-03-23,2.609879971
2019-03-24,2.609879971
2019-03-25,2.608750105
2019-03-26,2.597379923
2019-03-27,2.601000071
2019-03-28,2.591749907
2019-03-29,2.599750042
2019-03-30,2.599750042
2019-03-31,2.599750042
2019-04-01,2.595499992
2019-04-02,2.602380037
2019-04-03,2.597749949
2019-04-04,2.588629961
2019-04-05,2.592129946
2019-04-06,2.592129946
2019-04-07,2.592129946
2019-04-08,2.584000111
2019-04-09,2.581249952
2019-04-10,2.603499889
2019-04-11,2.596750021
2019-04-12,2.601000071
2019-04-13,2.601000071
2019-04-14,2.601000071
2019-04-15,2.588000059
2019-04-16,2.600879908
2019-04-17,2.591500044
2019-04-18,2.581130028
2019-04-19,2.581130028
2019-04-20,2.581130028
2019-04-21,2.581130028
2019-04-22,2.581130028
2019-04-23,2.580250025
2019-04-24,2.586380005
2019-04-25,2.582380056
2019-04-26,2.582750082
2019-04-27,2.582750082
2019-04-28,2.582750082
2019-04-29,2.578999996
2019-04-30,2.57562995
2019-05-01,2.575500011
2019-05-02,2.565129995
2019-05-03,2.559880018
2019-05-04,2.559880018
2019-05-05,2.559880018
2019-05-06,2.559880018
2019-05-07,2.562000036
2019-05-08,2.545130014
2019-05-09,2.535249949
2019-05-10,2.527879953
2019-05-11,2.527879953
2019-05-12,2.527879953
2019-05-13,2.517999887
2019-05-14,2.524499893
2019-05-15,2.525130033
2019-05-16,2.519629955
2019-05-17,2.521879911
2019-05-18,2.521879911
2019-05-19,2.521879911
2019-05-20,2.523380041
2019-05-21,2.523499966
2019-05-22,2.524749994
2019-05-23,2.520629883
2019-05-24,2.524879932
2019-05-25,2.524879932
2019-05-26,2.524879932
2019-05-27,2.524879932
2019-05-28,2.523750067
2019-05-29,2.521749973
2019-05-30,2.520250082
2019-05-31,2.502500057
2019-06-01,2.502500057
2019-06-02,2.502500057
2019-06-03,2.478499889
2019-06-04,2.474380016
2019-06-05,2.471630096
2019-06-06,2.453000069
2019-06-07,2.45062995
2019-06-08,2.45062995
2019-06-09,2.45062995
2019-06-10,2.435750008
2019-06-11,2.449500084
2019-06-12,2.427880049
2019-06-13,2.410249949
2019-06-14,2.40199995
2019-06-15,2.40199995
2019-06-16,2.40199995
2019-06-17,2.418499947
2019-06-18,2.386630058
2019-06-19,2.386130095
2019-06-20,2.343130112
2019-06-21,2.349250078
2019-06-22,2.349250078
2019-06-23,2.349250078
2019-06-24,2.33288002
2019-06-25,2.311249971
2019-06-26,2.329879999
2019-06-27,2.318880081
2019-06-28,2.319880009
2019-06-29,2.319880009
2019-06-30,2.319880009
2019-07-01,2.331880093
2019-07-02,2.312999964
2019-07-03,2.288500071
2019-07-04,2.302629948
2019-07-05,2.31137991
2019-07-06,2.31137991
2019-07-07,2.31137991
2019-07-08,2.337749958
2019-07-09,2.340749979
2019-07-10,2.33949995
2019-07-11,2.303380013
2019-07-12,2.322249889
2019-07-13,2.322249889
2019-07-14,2.322249889
2019-07-15,2.303250074
2019-07-16,2.299629927
2019-07-17,2.30250001
2019-07-18,2.277630091
2019-07-19,2.259380102
2019-07-20,2.259380102
2019-07-21,2.259380102
2019-07-22,2.282749891
2019-07-23,2.275500059
2019-07-24,2.266629934
2019-07-25,2.255749941
2019-07-26,2.265749931
2019-07-27,2.265749931
2019-07-28,2.265749931
2019-07-29,2.255500078
2019-07-30,2.253129959
2019-07-31,2.265630007
2019-08-01,2.286750078
2019-08-02,2.239249945
2019-08-03,2.239249945
2019-08-04,2.239249945
2019-08-05,2.209000111
2019-08-06,2.187000036
2019-08-07,2.184499979
2019-08-08,2.180999994
2019-08-09,2.175630093
2019-08-10,2.175630093
2019-08-11,2.175630093
2019-08-12,2.175250053
2019-08-13,2.15812993
2019-08-14,2.168380022
2019-08-15,2.123749971
2019-08-16,2.135879993
2019-08-17,2.135879993
2019-08-18,2.135879993
2019-08-19,2.151499987
2019-08-20,2.149499893
2019-08-21,2.147629976
2019-08-22,2.132250071
2019-08-23,2.144380093
2019-08-24,2.144380093
2019-08-25,2.144380093
2019-08-26,2.144380093
2019-08-27,2.117379904
2019-08-28,2.124130011
2019-08-29,2.131750107
2019-08-30,2.137629986
2019-08-31,2.137629986
2019-09-01,2.137629986
2019-09-02,2.132750034
2019-09-03,2.126630068
2019-09-04,2.112380028
2019-09-05,2.102129936
2019-09-06,2.134130001
2019-09-07,2.134130001
2019-09-08,2.134130001
2019-09-09,2.138380051
2019-09-10,2.131629944
2019-09-11,2.127249956
2019-09-12,2.118499994
2019-09-13,2.139379978
2019-09-14,2.139379978
2019-09-15,2.139379978
2019-09-16,2.145129919
2019-09-17,2.164129972
2019-09-18,2.155879974
2019-09-19,2.158879995
2019-09-20,2.134629965
2019-09-21,2.134629965
2019-09-22,2.134629965
2019-09-23,2.106250048
2019-09-24,2.112999916
2019-09-25,2.099630117
2019-09-26,2.104379892
2019-09-27,2.098629951
2019-09-28,2.098629951
2019-09-29,2.098629951
2019-09-30,2.085129976
2019-10-01,2.088629961
2019-10-02,2.056380033
2019-10-03,2.043129921
2019-10-04,2.02699995
2019-10-05,2.02699995
2019-10-06,2.02699995
2019-10-07,2.012000084
2019-10-08,2.009500027
2019-10-09,1.984249949
2019-10-10,1.986129999
2019-10-11,2.000880003
2019-10-12,2.000880003
2019-10-13,2.000880003
2019-10-14,2.000880003
2019-10-15,2.002130032
2019-10-16,2.003249884
2019-10-17,1.965880036
2019-10-18,1.953250051
2019-10-19,1.953250051
2019-10-20,1.953250051
2019-10-21,1.934000015
2019-10-22,1.93599999
2019-10-23,1.939630032
2019-10-24,1.935629964
2019-10-25,1.928130031
2019-10-26,1.928130031
2019-10-27,1.928130031
2019-10-28,1.935500026
2019-10-29,1.927129984
2019-10-30,1.909129977
2019-10-31,1.902250051
2019-11-01,1.890499949
2019-11-02,1.890499949
2019-11-03,1.890499949
2019-11-04,1.908249974
2019-11-05,1.89349997
2019-11-06,1.904250026
2019-11-07,1.901379943
2019-11-08,1.900629997
2019-11-09,1.900629997
2019-11-10,1.900629997
2019-11-11,1.904629946
2019-11-12,1.909250021
2019-11-13,1.909880042
2019-11-14,1.904129982
2019-11-15,1.902629972
2019-11-16,1.902629972
2019-11-17,1.902629972
2019-11-18,1.898499966
2019-11-19,1.894629955
2019-11-20,1.898749948
2019-11-21,1.909500003
2019-11-22,1.917250037
2019-11-23,1.917250037
2019-11-24,1.917250037
2019-11-25,1.918630004
2019-11-26,1.908630013
2019-11-27,1.913750052
2019-11-28,1.906880021
2019-11-29,1.905500054
2019-11-30,1.905500054
2019-12-01,1.905500054
2019-12-02,1.900130033
2019-12-03,1.891499996
2019-12-04,1.887130022
2019-12-05,1.88499999
2019-12-06,1.890499949
2019-12-07,1.890499949
2019-12-08,1.890499949
2019-12-09,1.888380051
2019-12-10,1.887249947
2019-12-11,1.887380004
2019-12-12,1.893630028
2019-12-13,1.899629951
2019-12-14,1.899629951
2019-12-15,1.899629951
2019-12-16,1.898499966
2019-12-17,1.902500033
2019-12-18,1.907999992
2019-12-19,1.927749991
2019-12-20,1.934749961
2019-12-21,1.934749961
2019-12-22,1.934749961
2019-12-23,1.946630001
2019-12-24,1.960500002
2019-12-25,1.960500002
2019-12-26,1.960500002
2019-12-27,1.944630027
2019-12-28,1.944630027
2019-12-29,1.944630027
2019-12-30,1.909379959
2019-12-31,1.908380032
2020-01-01,1.908380032
2020-01-02,1.900249958
2020-01-03,1.873880029
2020-01-04,1.873880029
2020-01-05,1.873880029
2020-01-06,1.872249961
2020-01-07,1.878000021
2020-01-08,1.833999991
2020-01-09,1.847880006
2020-01-10,1.837749958
2020-01-11,1.837749958
2020-01-12,1.837749958
2020-01-13,1.831249952
2020-01-14,1.842630029
2020-01-15,1.836130023
2020-01-16,1.826629996
2020-01-17,1.819129944
2020-01-18,1.819129944
2020-01-19,1.819129944
2020-01-20,1.802129984
2020-01-21,1.806249976
2020-01-22,1.800879955
2020-01-23,1.794129968
2020-01-24,1.795379996
2020-01-25,1.795379996
2020-01-26,1.795379996
2020-01-27,1.774500012
2020-01-28,1.769500017
2020-01-29,1.777130008
2020-01-30,1.763249993
2020-01-31,1.751129985
2020-02-01,1.751129985
2020-02-02,1.751129985
2020-02-03,1.741000056
2020-02-04,1.737380028
2020-02-05,1.741629958
2020-02-06,1.734130025
2020-02-07,1.730880022
2020-02-08,1.730880022
2020-02-09,1.730880022
2020-02-10,1.713129997
2020-02-11,1.707249999
2020-02-12,1.703750014
2020-02-13,1.691630006
2020-02-14,1.69175005
2020-02-15,1.69175005
2020-02-16,1.69175005
2020-02-17,1.692880034
2020-02-18,1.694630027
2020-02-19,1.69599998
2020-02-20,1.682749987
2020-02-21,1.679250002
2020-02-22,1.679250002
2020-02-23,1.679250002
2020-02-24,1.646630049
2020-02-25,1.637629986
2020-02-26,1.613250017
2020-02-27,1.580379963
2020-02-28,1.462749958
2020-02-29,1.462749958
2020-03-01,1.462749958
2020-03-02,1.253749967
2020-03-03,1.314249992
2020-03-04,1.000630021
2020-03-05,0.998880029
2020-03-06,0.896000028
2020-03-07,0.896000028
2020-03-08,0.896000028
2020-03-09,0.768130004
2020-03-10,0.784129977
2020-03-11,0.772499979
2020-03-12,0.740499973
2020-03-13,0.843129992
2020-03-14,0.843129992
2020-03-15,0.843129992
2020-03-16,0.889379978
2020-03-17,1.051880002
2020-03-18,1.115749955
2020-03-19,1.195129991
2020-03-20,1.204130054
2020-03-21,1.204130054
2020-03-22,1.204130054
2020-03-23,1.215630054
2020-03-24,1.232380033
2020-03-25,1.26699996
2020-03-26,1.374629974
2020-03-27,1.450129986
2020-03-28,1.450129986
2020-03-29,1.450129986
2020-03-30,1.433380008
2020-03-31,1.450500011
2020-04-01,1.436499953
2020-04-02,1.373000026
2020-04-03,1.387380004
2020-04-04,1.387380004
2020-04-05,1.387380004
2020-04-06,1.352380037
2020-04-07,1.319880009
2020-04-08,1.311380029
2020-04-09,1.218880057
2020-04-10,1.218880057
2020-04-11,1.218880057
2020-04-12,1.218880057
2020-04-13,1.218880057
2020-04-14,1.176130056
2020-04-15,1.134879947
2020-04-16,1.135249972
2020-04-17,1.108999968
2020-04-18,1.108999968
2020-04-19,1.108999968
2020-04-20,1.097630024
2020-04-21,1.042999983
2020-04-22,1.020249963
2020-04-23,0.991379976
2020-04-24,0.887130022
2020-04-25,0.887130022
2020-04-26,0.887130022
2020-04-27,0.840749979
2020-04-28,0.760129988
2020-04-29,0.686630011
2020-04-30,0.556129992
2020-05-01,0.540880024
2020-05-02,0.540880024
2020-05-03,0.540880024
2020-05-04,0.500880003
2020-05-05,0.474000007
2020-05-06,0.447629988
2020-05-07,0.434630007
2020-05-08,0.434630007
2020-05-09,0.434630007
2020-05-10,0.434630007
2020-05-11,0.433499992
2020-05-12,0.423999995
2020-05-13,0.392379999
2020-05-14,0.385630012
2020-05-15,0.380499989
2020-05-16,0.380499989
2020-05-17,0.380499989
2020-05-18,0.376630008
2020-05-19,0.374130011
2020-05-20,0.35800001
2020-05-21,0.359499991
2020-05-22,0.36925
2020-05-23,0.36925
2020-05-24,0.36925
2020-05-25,0.36925
2020-05-26,0.371250004
2020-05-27,0.362500012
2020-05-28,0.349999994
2020-05-29,0.344000012
2020-05-30,0.344000012
2020-05-31,0.344000012
2020-06-01,0.33713001
2020-06-02,0.330500007
2020-06-03,0.326629996
2020-06-04,0.317629993
2020-06-05,0.312880009
2020-06-06,0.312880009
2020-06-07,0.312880009
2020-06-08,0.309749991
2020-06-09,0.314630002
2020-06-10,0.318379998
2020-06-11,0.313380003
2020-06-12,0.320879996
2020-06-13,0.320879996
2020-06-14,0.320879996
2020-06-15,0.298999995
2020-06-16,0.307880014
2020-06-17,0.316249996
2020-06-18,0.306380004
2020-06-19,0.305130005
2020-06-20,0.305130005
2020-06-21,0.305130005
2020-06-22,0.296629995
2020-06-23,0.296880007
2020-06-24,0.283749998
2020-06-25,0.305999994
2020-06-26,0.307880014
2020-06-27,0.307880014
2020-06-28,0.307880014
2020-06-29,0.296130002
2020-06-30,0.301999986
2020-07-01,0.298500001
2020-07-02,0.303750008
2020-07-03,0.275880009
2020-07-04,0.275880009
2020-07-05,0.275880009
2020-07-06,0.276499987
2020-07-07,0.268379986
2020-07-08,0.272879988
2020-07-09,0.266250014
2020-07-10,0.268130004
2020-07-11,0.268130004
2020-07-12,0.268130004
2020-07-13,0.275000006
2020-07-14,0.270880014
2020-07-15,0.272879988
2020-07-16,0.271750003
2020-07-17,0.271380007
2020-07-18,0.271380007
2020-07-19,0.271380007
2020-07-20,0.257750005
2020-07-21,0.255499989
2020-07-22,0.263500005
2020-07-23,0.244499996
2020-07-24,0.246749997
2020-07-25,0.246749997
2020-07-26,0.246749997
2020-07-27,0.269630015
2020-07-28,0.268249989
2020-07-29,0.260630012
2020-07-30,0.250999987
2020-07-31,0.248750001
2020-08-01,0.248750001
2020-08-02,0.248750001
2020-08-03,0.248999998
2020-08-04,0.248500004
2020-08-05,0.241999999
2020-08-06,0.243249997
2020-08-07,0.252499998
2020-08-08,0.252499998
2020-08-09,0.252499998
2020-08-10,0.256879985
2020-08-11,0.253500015
2020-08-12,0.264750004
2020-08-13,0.280129999
2020-08-14,0.27037999
2020-08-15,0.27037999
2020-08-16,0.27037999
2020-08-17,0.267749995
2020-08-18,0.252999991
2020-08-19,0.246879995
2020-08-20,0.25613001
2020-08-21,0.25
2020-08-22,0.25
2020-08-23,0.25
2020-08-24,0.233750001
2020-08-25,0.250999987
2020-08-26,0.255879998
2020-08-27,0.246000007
2020-08-28,0.240879998
2020-08-29,0.240879998
2020-08-30,0.240879998
2020-08-31,0.240879998
2020-09-01,0.251130015
2020-09-02,0.251249999
2020-09-03,0.249500006
2020-09-04,0.247999996
2020-09-05,0.247999996
2020-09-06,0.247999996
2020-09-07,0.241750002
2020-09-08,0.249500006
2020-09-09,0.250250012
2020-09-10,0.249129996
2020-09-11,0.250380009
2020-09-12,0.250380009
2020-09-13,0.250380009
2020-09-14,0.23725
2020-09-15,0.246130005
2020-09-16,0.233250007
2020-09-17,0.227379993
2020-09-18,0.225380003
2020-09-19,0.225380003
2020-09-20,0.225380003
2020-09-21,0.223250002
2020-09-22,0.222499996
2020-09-23,0.224999994
2020-09-24,0.233250007
2020-09-25,0.217879996
2020-09-26,0.217879996
2020-09-27,0.217879996
2020-09-28,0.220379993
2020-09-29,0.225130007
2020-09-30,0.233879998
2020-10-01,0.233999997
2020-10-02,0.233500004
2020-10-03,0.233500004
2020-10-04,0.233500004
2020-10-05,0.220249996
2020-10-06,0.229750007
2020-10-07,0.229499996
2020-10-08,0.220500007
2020-10-09,0.224130005
2020-10-10,0.224130005
2020-10-11,0.224130005
2020-10-12,0.228880003
2020-10-13,0.236880004
2020-10-14,0.230130002
2020-10-15,0.217749998
2020-10-16,0.218380004
2020-10-17,0.218380004
2020-10-18,0.218380004
2020-10-19,0.208629996
2020-10-20,0.215749994
2020-10-21,0.209130004
2020-10-22,0.214750007
2020-10-23,0.216499999
2020-10-24,0.216499999
2020-10-25,0.216499999
2020-10-26,0.22225
2020-10-27,0.213249996
2020-10-28,0.214379996
2020-10-29,0.214379996
2020-10-30,0.215749994
2020-10-31,0.215749994
2020-11-01,0.215749994
2020-11-02,0.220129997
2020-11-03,0.224749997
2020-11-04,0.232250005
2020-11-05,0.213
2020-11-06,0.205880001
2020-11-07,0.205880001
2020-11-08,0.205880001
2020-11-09,0.204999998
2020-11-10,0.213630006
2020-11-11,0.220630005
2020-11-12,0.221000001
2020-11-13,0.222000003
2020-11-14,0.222000003
2020-11-15,0.222000003
2020-11-16,0.220379993
2020-11-17,0.231000006
2020-11-18,0.223749995
2020-11-19,0.212630004
2020-11-20,0.204879999
2020-11-21,0.204879999
2020-11-22,0.204879999
2020-11-23,0.206499994
2020-11-24,0.232250005
2020-11-25,0.232999995
2020-11-26,0.224380001
2020-11-27,0.225380003
2020-11-28,0.225380003
2020-11-29,0.225380003
2020-11-30,0.227630004
2020-12-01,0.231999993
2020-12-02,0.230499998
2020-12-03,0.225380003
2020-12-04,0.225879997
2020-12-05,0.225879997
2020-12-06,0.225879997
2020-12-07,0.230379999
2020-12-08,0.230000004
2020-12-09,0.220630005
2020-12-10,0.219500005
2020-12-11,0.216499999
2020-12-12,0.216499999
2020-12-13,0.216499999
2020-12-14,0.219249994
2020-12-15,0.228750005
2020-12-16,0.236379996
2020-12-17,0.238629997
2020-12-18,0.235750005
2020-12-19,0.235750005
2020-12-20,0.235750005
2020-12-21,0.244880006
2020-12-22,0.238130003
2020-12-23,0.250999987
2020-12-24,0.240130007
2020-12-25,0.240130007
2020-12-26,0.240130007
2020-12-27,0.240130007
2020-12-28,0.240130007
2020-12-29,0.253879994
2020-12-30,0.237499997
2020-12-31,0.23838
2021-01-01,0.23838
2021-01-02,0.23838
2021-01-03,0.23838
2021-01-04,0.23725
2021-01-05,0.236880004
2021-01-06,0.233999997
2021-01-07,0.224749997
2021-01-08,0.224380001
2021-01-09,0.224380001
2021-01-10,0.224380001
2021-01-11,0.2245
2021-01-12,0.233750001
2021-01-13,0.241249993
2021-01-14,0.22563
2021-01-15,0.223379999
2021-01-16,0.223379999
2021-01-17,0.223379999
2021-01-18,0.224000007
2021-01-19,0.223629996
2021-01-20,0.222379997
2021-01-21,0.217749998
2021-01-22,0.21525
2021-01-23,0.21525
2021-01-24,0.21525
2021-01-25,0.21288
2021-01-26,0.218500003
2021-01-27,0.211500004
2021-01-28,0.204999998
2021-01-29,0.201879993
2021-01-30,0.201879993
2021-01-31,0.201879993
2021-02-01,0.195500001
2021-02-02,0.192249998
2021-02-03,0.195130005
2021-02-04,0.192629993
2021-02-05,0.190880001
2021-02-06,0.190880001
2021-02-07,0.190880001
2021-02-08,0.195380002
2021-02-09,0.202500001
2021-02-10,0.200880006
2021-02-11,0.197630003
2021-02-12,0.193749994
2021-02-13,0.193749994
2021-02-14,0.193749994
2021-02-15,0.191499993
2021-02-16,0.18863
2021-02-17,0.181380004
2021-02-18,0.182380006
2021-02-19,0.175249994
2021-02-20,0.175249994
2021-02-21,0.175249994
2021-02-22,0.175500005
2021-02-23,0.1875
2021-02-24,0.189750001
2021-02-25,0.190500006
2021-02-26,0.188380003
2021-02-27,0.188380003
2021-02-28,0.188380003
2021-03-01,0.184249997
2021-03-02,0.183379993
2021-03-03,0.193749994
2021-03-04,0.175500005
2021-03-05,0.185379997
2021-03-06,0.185379997
2021-03-07,0.185379997
2021-03-08,0.182500005
2021-03-09,0.177249998
2021-03-10,0.184129998
2021-03-11,0.183880001
2021-03-12,0.189500004
2021-03-13,0.189500004
2021-03-14,0.189500004
2021-03-15,0.181999996
2021-03-16,0.189999998
2021-03-17,0.189630002
2021-03-18,0.186629996
2021-03-19,0.196879998
2021-03-20,0.196879998
2021-03-21,0.196879998
2021-03-22,0.190500006
2021-03-23,0.200629994
2021-03-24,0.195130005
2021-03-25,0.193000004
2021-03-26,0.199000001
2021-03-27,0.199000001
2021-03-28,0.199000001
2021-03-29,0.202500001
2021-03-30,0.201629996
2021-03-31,0.194250003
2021-04-01,0.199750006
2021-04-02,0.199750006
2021-04-03,0.199750006
2021-04-04,0.199750006
2021-04-05,0.199750006
2021-04-06,0.197380006
2021-04-07,0.193629995
2021-04-08,0.187749997
2021-04-09,0.1875
2021-04-10,0.1875
2021-04-11,0.1875
2021-04-12,0.185749993
2021-04-13,0.183750004
2021-04-14,0.183750004
2021-04-15,0.183750004
